Unidad,Cuad,Nivel,Rasgo,Excavador,Fecha,Context,N frag.,Tama√±o frag.,Length,Width,Thickness,Material,Technological Type,Debris,Platform Type,Termination,% Cortex,Portion,Modification,Weight,Notes,Foto
8,23,169-190,House 7 Outside,GHM,22-08-23,,1,2,,,,16,,1,4,2,0,,1,0.63,,x
8,18,199-226,House 6,GDD,24-08-23,,1,2,24.83,13.24,4.8,16,4,,2,,0,,1,,MOQ-2400,x
8,16,190-200,House 8 Outside,ENHR,25-08-23,,2,<1,,,,16,,2,0,0,0,0,,0.11,,
8,23,190-200,House 7,GDD,24-08-23,,1,1,,,,16,,1,0,3,0,,1,0.45,,
8,24,195-210,Temple 2,SCS,28-08-23,,1,1,,,,16,,1,2,1,0,,,0.23,,
8B,6,160-215,EP Burial,KR,1/9/2023,,1,2,,,,16,,3,,0,0,,,2.05,,
8B,6,160-215,EP Burial,KR,1/9/2023,,1,1,,,,16,,1,2,0,0,,,0.19,,
8B,6,160-215,EP Burial,KR,1/9/2023,,1,2,,,,16,,2,0,2,0,3,1,0.61,,
8,24,195-210,Temple 2,SCS,25-08-23,,1,2,,,,16,,1,0,1,0,3,,0.67,,
8A,3,177-199,,YKRA,23/08/23,,1,1,,,,16,,1,2,2,0,1,,0.36,,
8,16,?-172,,ENHR,18/08/23,,1,1,,,,16,,3,0,0,0,0,,0.31,,
8,24,168-203,House 6 Outside,GDD,21/08/23,,1,1,,,,16,,1,2,2,0,1,1,0.12,,
8,21,116-135,House 7,ENHR,22/08/23,,1,1,,,,16,,1,0,0,0,5,,0.26,,
8,18,199-216,House 6,GDD,24/08/23,,1,1,,,,16,,1,0,2,0,3,,0.31,,
8A,4,106-130,,FM/KR,18/08/23,,1,2,,,,16,,1,1,3,0,1,1,0.54,,
8,21,135-157,,ENHR,23/08/23,,1,1,,,,16,,3,,0,0,0,,0.39,,
5,3,89-92,,HQB,6/9/2022,,1,2,20.86,13.81,4.18,16,4,,3,,0,,1,1.0,MOQ-054,x
8,19,227-231,EP,YKRA,25/08/23,,1,2,,,,16,,3,,0,0,0,,1.2,,
8,16,?-172,House 7,ENHR,18/08/23,,2,1,,,,16,,2,,,0,0,,0.3,,
8,23,190-200,House 7,GDD,24/08/23,,1,1,,,,16,,1,2,1,0,2,,0.62,,
8B,7,147-174,Edificio Vano de Acceso 2,SVM,1/9/2023,,1,1,,,,16,,1,2,2,0,1,,0.19,,
8B,7,147-174,Edificio Vano de Acceso 2,SVM,1/9/2023,,1,1,,,,16,,1,2,2,0,1,1,0.06,,
8B,7,147-174,Edificio Vano de Acceso 2,SVM,1/9/2023,,1,2,,,,16,,1,0,2,0,3,1,0.53,,
8B,6,117-160,EP,YKRA,31/08/23,,1,1,,,,16,,1,1,1,0,2,1,0.06,,
8B,6,117-160,EP,YKRA,31/08/23,,1,1,,,,16,,2,,,0,0,,0.08,,
8,16,190-200,House 8 Outside,HQB,24/08/23,,1,1,,,,16,,1,1,1,0,1,,0.12,,
8,22,174-184,EP,SVM,1/9/2023,,1,<1,,,,16,,3,,0,0,0,,0.01,,
8,22,174-184,EP,SVM,1/9/2023,,1,1,,,,16,,1,2,1,0,1,,0.13,,
8,22,174-184,EP,SVM,1/9/2023,,1,1,,,,16,,1,3,2,0,1,,0.65,,
8,22,174-184,EP,SVM,1/9/2023,,1,2,,,,16,3,,3,,0,,1,0.62,,x
8,23,190-200,House 7,GDD,24/08/23,,1,1,,,,16,,1,2,3,0,1,,0.4,,
8,23,190-200,House 7,GDD,24/08/23,,1,1,,,,16,,1,0,1,0,3,,0.26,,
8B,6,101-117,EP,GDD,29/08/23,,1,1,,,,16,,1,2,3,0,1,,0.68,,
8,24,125-210,Temple 2,SCS,28/08/23,,1,1,,,,16,,1,0,2,0,3,,0.22,,
8,21,116-135,House 7,ENHR,22/08/23,,1,1,,,,16,,1,0,2,1,3,,0.82,,
8,24,195-210,Temple 2,SCS,28/08/23,,1,1,,,,16,,2,0,2,0,3,,0.12,,
8,24,195-210,Temple 2,SCS,28/08/23,,1,1,,,,16,,3,0,0,0,0,,0.13,,
8,17,144-203,House 7,GDD,23/08/23,,1,1,,,,16,,1,4,3,0,1,,0.54,,
8,17,144-203,House 7,GDD,23/08/23,,1,1,,,,16,,1,1,2,0,1,,0.37,,
8B,5,139-166,,JSDA,29/08/23,,1,1,,,,16,4,,3,,0,,1,0.66,,
8A,4S,218-237,EP Outside,SCS,24/08/23,,1,1,,,,16,,3,,0,0,0,,0.63,,
8A,4S,218-237,EP Outside,SCS,24/08/23,,1,1,,,,16,,3,,0,0,0,,0.29,,
8A,4S,218-237,EP Outside,SCS,24/08/23,,1,1,,,,16,,2,0,2,0,3,,0.02,,
8,16,?-172,House 7,ENHR,18/08/23,,1,1,,,,16,,3,,0,0,0,,0.21,,
8,24,195-210,Temple 2,SCS,28/08/23,,1,1,,,,16,,3,,0,0,0,,0.84,,
8A,2,182-202,,,,,1,1,,,,16,,3,,0,0,0,,1.3,,
8B,5,74-96,,JSDA,29/08/23,,1,1,,,,16,1,,2,0,0,,1,0.67,,
8B,6,160-215,Burial 22,YKRA,1/9/2023,,1,1,,,,16,,3,,0,0,0,,1.13,,
8,22,144-176,House 7,GDD,23/08/23,,1,1,,,,16,,1,0,2,0,3,,0.44,,
8,22,144-176,House 7,GDD,23/08/23,,1,1,,,,16,,2,0,0,0,5,,0.1,,
8B,7,113-132,EP,YKRA,30/08/23,,1,1,,,,16,,3,,0,0,0,,0.06,,
8B,7,113-132,EP,YKRA,30/08/23,,1,2,,,,16,,2,0,0,0,0,,0.62,,
8,21,116-135,House 7,ENHR,21/08/23,,1,1,,,,16,,1,0,0,0,0,,0.34,,
8B,5,162-187,EP,GDD,31/08/23,,1,2,,,,16,,1,2,2,0,3,,0.97,,
8A,4,109-123,,FM/KR,18/08/23,,1,1,,,,16,,3,,0,0,0,,0.5,,
8A,3,130-153,,YKRA,21/08/23,,1,1,,,,16,,1,0,2,0,3,,0.11,,
8,19,227-231,EP,YKRA,25/08/23,,1,2,,,,16,,1,0,1,0,3,,0.27,,
8B,5,122-133,,JSDA,29/08/23,,1,1,,,,16,,1,2,2,0,1,,0.45,,
8A,3,130-152,,YKRA,21/08/23,,1,1,,,,16,,1,3,2,0,1,,0.24,,
8B,5,126-133,,JSDA,29/08/23,,1,1,,,,16,,1,0,1,0,2,,0.65,,
8B,5,124-133,,JSDA,29/08/23,,1,1,,,,16,,3,,0,0,0,,0.47,,
8,18,199-226,,GDD,23/08/23,,1,1,,,,16,,2,0,2,0,3,,0.1,,
8,18,199-226,,GDD,23/08/23,,1,2,,,,16,4,,2,1,0,1,,1.17,,
8,24,195-210,Temple 2,SCS,28/08/23,,1,1,,,,16,,1,1,3,1,2,,1.0,,
8A,4,109-123,,FM/KR,18/08/23,,1,1,,,,16,,2,0,0,0,0,,0.52,,
8B,6,160-215,EP Burial,KR,1/9/2023,,1,1,,,,16,,1,2,2,0,1,2,0.68,,x
7,24SE,239-255,House 4 Outside,RV/HQ/HB,21/07/23,,1,2,,,,16,,3,,0,0,0,1,1.63,MOQ-376,x
8,21,116-135,House 7,ENHR,22/08/23,,1,1,,,,16,,1,2,1,0,1,,0.61,,
8B,6,164-215,EP,SCS/YKRA,1/9/2023,,1,1,,,,16,,2,0,0,0,0,,0.41,,
8,24,195-210,Temple 2,SCS,25/08/23,,1,1,,,,16,,2,0,1,0,3,,0.23,,
8,16,?-172,House 7,ENHR,18/08/23,,1,2,,,,16,,3,,0,0,0,1,0.34,,
7,34N,82-92,House 2 Outside,MB/RP/LL,27/06/23,,1,2,,,,16,,2,0,2,0,3,,1.54,MOQ-682,x
7,33,70-80,House 2 Outside,GHM,22/06/23,,1,3,29.66,15.37,5.2,16,4,,0,1,0,3,1,1.88,MOQ-535,x
8A,4,106-130,,FM/KR,18/08/23,,1,1,,,,16,,2,0,0,0,3,,0.57,,
8B,6,117,,HQB,29/08/23,,1,1,,,,16,,2,0,0,0,0,,0.15,,
8B,6,117,,HQB,29/08/23,,1,1,,,,16,,1,0,2,0,2,1,0.24,,
8B,6,117,,HQB,29/08/23,,1,1,,,,16,,1,3,2,0,3,,0.23,,
8,24,195-210,Temple 2,GCS,28/08/23,,1,1,,,,16,,3,0,0,0,0,,0.08,,
8B,5,95-,,ENHR,28/08/23,,1,1,,,,16,,2,0,3,0,3,,0.31,,
8,18,199-226,House 6,GDD,24/08/23,,1,2,,,,16,,2,0,0,0,0,,1.0,,
8A,2,146-182,,SCS,18/08/23,,1,1,,,,16,,2,0,0,0,0,,0.07,,
8A,2,146-182,,SCS,18/08/23,,1,1,,,,16,,2,0,0,0,0,,0.29,,
8A,2,146-182,,SCS,18/08/23,,2,1,,,,16,,1,0,2,0,3,,0.14,,
8A,4,106-130,,FM/KR,18/08/23,,1,<1,,,,16,,2,0,0,0,0,,0.02,,
8B,6,117,EP Wall Fall,HQB,29/08/23,,1,1,,,,16,,2,0,0,0,0,,0.32,,
8,24,168-203,House 6,GDD,21/08/23,,1,2,,,,16,,3,0,0,0,0,,0.37,,
8,24,168-203,House 6,GDD,21/08/23,,1,2,,,,16,,1,3,0,0,2,,0.9,,
8,24,168-203,House 6,GDD,21/08/23,,1,1,,,,16,,2,0,0,0,0,,0.52,,
8,19,227-231,EP,YKRA,25/08/23,,1,1,,,,16,,1,2,3,0,1,,0.12,,
8B,7,132-147,Edificio Vano de Acceso 2,YKRA,31/08/23,,1,1,,,,16,,1,3,2,0,1,,0.73,,
8B,7,132-147,Edificio Vano de Acceso 2,YKRA,31/08/23,,1,1,,,,16,,1,2,1,0,1,,0.36,,
8,24,168-203,House 6 Outside,GHM,22/08/23,,1,1,,,,16,,2,0,0,0,0,,0.31,,
8,24,168-203,House 6 Outside,GHM,22/08/23,,1,1,,,,16,,3,0,0,0,1,,0.59,,
5,4S,74,,GDD,8/9/2022,,1,2,,,,16,4,,,0,0,,1,1.39,MOQ-291,x
5,4,160-167,House 4N Inside,RPDA,16/09/22,,1,2,21.97,14.45,4.79,16,4,,,0,0,,2,1.22,MOQ-123,x
8,24SW,212-216,Temple 2,SC/JD,28/08/23,,1,2,,,,16,,1,3,0,0,2,,1.27,,
8B,6,101-117,,GDD,29/08/23,,1,2,,,,16,,1,1,0,0,2,,1.04,,x
8A,2,146-182,,SCS,18/08/23,,1,2,,,,16,,1,0,3,0,3,1,0.75,,x
8B,5,124-166,,JSDA,24/08/23,,1,1,,,,16,,1,4,1,0,1,,0.13,,
8,24,168-203,House 6 Outside,GDD,21/08/23,,1,1,,,,16,,1,2,0,0,2,,0.34,,
8B,6,101-117,,GDD,29/08/23,,1,2,,,,16,,3,0,0,0,0,,0.79,,
8,24,195-210,Temple 2,SCS,25/08/23,,1,1,,,,16,,2,0,0,0,0,,0.34,,
8,24,195-210,Temple 2,SCS,25/08/23,,1,1,,,,16,,1,0,1,0,3,,0.06,,
8,16,?-172,House 7,ENHR,21/08/23,,1,1,,,,16,,1,4,3,0,1,1,0.49,,
8B,5,108-133,,JSDA,29/08/23,,1,1,,,,16,,1,3,1,0,1,,0.7,,
8B,6,101-117,,GDD,29/08/23,,1,2,,,,16,,1,3,3,0,1,,1.0,,
8A,2,146-182,,SCS,18/08/23,,1,2,,,,16,,3,0,0,0,0,,0.76,,
8,22,144-176,House 7,GDD,23/08/23,,1,1,,,,16,,2,0,0,0,0,,0.34,,
8B,7,113-,,GDD,29/08/23,,1,1,,,,16,,2,0,1,0,3,,0.1,,
8,19,227-231,EP,YKRA,25/08/23,,1,1,,,,16,,2,0,0,0,0,,0.46,,
8,16,190-200,House 8 Outside,ENHR,25/08/23,,1,1,,,,16,,1,3,0,0,2,,0.31,,
8A,4,109-123,,FM/KR,18/08/23,,1,1,,,,16,,1,2,1,0,1,,0.57,,
8A,4,109-123,,FM/KR,18/08/23,,1,1,,,,16,2,,1,3,0,1,,0.41,flake tool?,
8A,4,123-134,,YKRA,21/08/23,,1,1,,,,16,,2,0,0,0,0,,0.38,,
8,24SW,212-216,Temple 2,SC/JD,28/08/23,,1,2,,,,16,,1,0,1,0,3,,0.49,,
8,21,135-157,,ENHR,23/08/23,,1,1,,,,16,,1,2,0,0,2,,0.8,,
8,21,157-164,House 8 Outside,HQB,24/08/23,,1,1,,,,16,,1,1,2,0,1,,0.31,,
8,21,157-164,House 8 Outside,HQB,24/08/23,,1,2,,,,16,,1,3,2,0,1,,1.15,,
8A,7,75-95,,YKRA,28/08/23,,1,1,,,,16,,2,0,0,0,0,1,0.15,,
8A,7,75-95,,YKRA,28/08/23,,1,1,,,,16,,1,0,2,0,3,,0.47,,
8A,3,159-177,,YKRA,22/08/23,,1,2,,,,16,,2,0,0,0,0,,1.2,,
8,16,?-172,House 7,ENHR,18/08/23,,1,1,,,,16,,2,0,0,0,0,,0.22,,
8B,5,118-133,,JSDA,24/08/23,,1,1,,,,16,,3,0,0,0,0,,0.27,,
8,19,227-231,EP,YKRA,25/08/23,,1,1,,,,16,,1,2,2,0,1,1,0.33,,
8,14,227-231,EP,YKRA,25/08/23,,1,1,,,,16,,3,0,0,0,0,,0.53,,
8,24,195-210,Temple 2,SCS,28/08/23,,1,1,,,,16,,2,0,0,0,0,,0.13,,
8,19,227-231,EP,YKRA,25/08/23,,1,1,,,,16,,2,0,0,0,0,,0.42,,
8,21,157-164,House 8 Outside,HQB,24/08/22,,1,2,,,,16,,1,3,3,0,1,,1.0,,
8A,2,146-182,,SCS,18/08/23,,1,1,,,,16,,1,0,2,0,3,,0.53,,
8,19,231-243,EP,YKRA,25/08/23,,1,1,,,,16,,2,0,0,0,5,,0.68,,
8,19,231-243,EP,YKRA,25/08/23,,1,1,,,,16,,1,1,1,0,1,1,0.29,,
8,19,231-243,EP,YKRA,25/08/23,,1,1,,,,16,,2,0,0,0,0,,0.24,,
8,19,231-243,EP,YKRA,25/08/23,,1,2,,,,16,4,,0,1,0,,,1.06,flake tool? not finished?,x
8,11,?-242,House 7,ENHR,22/08/23,,1,2,,,,16,,1,0,1,0,3,,0.61,,
8B,6,101-117,,GDD,29/08/23,,1,1,,,,16,,2,0,0,0,0,,0.52,,
8B,7,112-132,EP,YKRA,30/08/23,,1,1,,,,16,,2,0,0,0,0,,0.62,,
8B,5N,168-183,EP,GDD,30/08/23,,1,1,,,,16,,2,0,0,0,0,,0.27,,
8B,5N,168-183,EP,GDD,30/08/23,,1,1,,,,16,,2,0,1,0,0,,0.26,,
8B,5N,168-183,EP,GDD,30/08/23,,1,2,,,,16,2,,0,1,0,,2,1.12,,
8,19,227-231,EP,YKRA,25/08/23,,1,1,,,,16,,2,0,0,0,0,,0.42,,
8,24SW,212-216,Temple 2,SC/JD,28/08/23,,1,1,,,,16,,1,0,2,0,3,,0.09,,
8A,4,106-130,,FM/KR,18/08/23,,1,1,,,,16,,1,0,2,0,3,,0.3,,
8,23,169-190,House 7 Outside,GHM,22/08/23,,1,1,,,,16,,2,0,0,0,0,,0.13,,
8A,4,123-134,,YKRA,21/08/23,,1,1,,,,16,,1,2,3,0,1,,0.55,,
8A,4,123-134,,YKRA,21/08/23,,1,1,,,,16,,2,0,0,0,5,,0.7,,
8B,5,95-,,ENHR,28/08/23,,1,1,,,,16,,1,4,3,0,1,1,0.2,,
8,24,168-202,House 6 Outside,GDD,21/08/23,,1,1,,,,16,,2,0,0,0,0,,0.74,,
8A,4,106-130,,FM/KR,18/08/23,,1,1,,,,16,,1,1,0,0,2,,0.5,,
8B,5,129-133,,JSDH,29/08/23,,1,1,,,,16,,2,0,0,0,0,,0.18,,
8B,7,95-113,,GDD,29/08/23,,1,1,,,,16,,1,1,2,0,1,,0.07,,
8B,7,95-113,,GDD,29/08/23,,1,1,,,,16,,2,0,0,0,0,,0.34,,
8B,7,95-113,,GDD,29/08/23,,1,1,,,,16,,3,0,0,0,0,,0.29,,
8B,7,95-113,,GDD,29/08/23,,1,1,,,,16,,2,0,1,0,3,,0.79,,
8B,7,95-113,,GDD,29/08/23,,1,1,,,,16,,2,0,3,0,5,,0.49,,
8B,7,95-113,,GDD,29/08/23,,1,1,,,,16,,2,0,0,0,0,,1.77,,x
8B,6,101-117,,GDD,29/08/23,,1,1,,,,16,,3,0,0,0,0,,0.04,,
8B,6,101-117,,GDD,29/08/23,,1,1,,,,16,,2,0,3,1,3,,0.33,,
8B,6,101-117,,GDD,29/08/23,,1,1,,,,16,,1,1,2,0,1,,0.2,,
8,19,231-243,EP,YKRA,25/08/23,,1,2,,,,16,,1,2,1,0,1,,0.63,,
8,21,116-135,House 7,ENHR,22/08/23,,1,1,,,,16,,2,0,3,0,0,,0.53,,
8B,6,101-117,,GDD,29/08/23,,1,2,,,,16,,3,0,0,0,0,1,0.41,,
8A,4S,218-237,EP Outside,SCS,24/08/23,,1,1,,,,16,,2,0,1,0,0,,0.46,,
8B,7,113-132,EP,YKRA,30/08/23,,1,1,,,,16,,2,0,0,0,0,,0.28,,
8B,7,113-132,EP,YKRA,30/08/23,,1,1,,,,16,,2,0,0,0,0,,0.37,,
8B,7,113-132,EP,YKRA,30/08/23,,1,1,,,,16,,1,0,1,0,3,,0.23,,
8B,7,113-132,EP,YKRA,30/08/23,,1,1,,,,16,,2,0,0,0,0,,0.37,,
8B,7,113-132,EP,YKRA,30/08/23,,1,1,,,,16,,2,0,0,0,0,,0.5,,
8B,7,113-132,EP,YKRA,30/08/23,,1,1,,,,16,4,,0,1,1,0,,0.37,,
8B,7,113-132,EP,YKRA,30/08/23,,1,1,,,,16,,1,1,0,0,2,,0.35,,
8B,7,113-132,EP,YKRA,30/08/23,,1,1,,,,16,,2,0,0,0,0,,0.38,,
8B,7,113-132,EP,YKRA,30/08/23,,1,1,,,,16,,1,0,2,0,3,,0.36,,
8B,7,113-132,EP,YKRA,30/08/23,,1,2,,,,16,,2,0,0,0,0,,1.19,,x
8,16,?-172,,ENHR,18/08/23,,1,1,,,,16,,3,0,0,0,0,,0.24,,
8B,5,201-213,EP,SV,1/9/2023,,1,1,,,,16,,1,0,2,0,3,1,0.25,,
8B,5,201-213,EP,SV,1/9/2023,,1,2,,,,16,2,,,1,0,0,2,0.85,flake tool?,x
8A,4,106-130,,FM/KR,18/08/23,,1,1,,,,16,,2,0,3,0,0,,0.55,,
8B,6,117,EP Wall Fall,HQB,29/08/23,,1,1,,,,16,,3,0,0,0,0,,0.09,,
8,22,144-176,House 7,GDD,23/08/23,,1,1,,,,16,,3,0,0,0,0,,0.25,,
8,22,144-176,House 7,GDD,23/08/23,,1,1,,,,16,,1,2,3,0,1,,0.62,,
8,22,144-176,House 7,GDD,23/08/23,,1,1,,,,16,,2,0,0,0,0,,0.65,,
8,22,144-176,House 7,GDD,23/08/23,,1,1,,,,16,,2,0,0,0,0,,1.7,something else?,x
8B,5,95-,,ENHR,28/08/23,,1,1,,,,16,,3,0,0,0,0,,0.17,,
8B,6,117-,EP Wall Fall,YKRA,30/08/23,,1,1,,,,16,,3,0,0,0,0,,0.28,,
8A,4,123-134,,YKRA,21/08/23,,1,1,,,,16,,1,0,2,0,3,,0.06,,
8,16,?-172,,ENHR,18/08/23,,1,2,,,,16,,2,0,0,0,0,,0.7,,
8,17,144-203,,GHM,22/08/23,,1,2,,,,16,,1,0,3,0,3,1,0.41,,
8,24,195-210,Temple 2,SCS,28/08/23,,1,2,,,,16,,1,2,3,0,1,1,1.06,,
8,18,199-226,House 6,GDD,24/08/23,,1,1,,,,16,,1,0,3,0,3,,0.33,,
8B,6,117,EP Wall Fall,HQB,29/08/23,,1,1,,,,16,,3,0,0,0,0,,0.48,,
8A,1,236-238,House 6,SCS,22/08/23,,1,2,,,,16,,3,0,0,2,0,,2.41,,
8,23,190-200,House 7,GDD,24/08/23,,1,1,,,,16,,3,0,0,0,0,,0.55,,
8,23,169-190,House 7 Outside,GHM,22/08/23,,2,1>,,,,16,,2,0,0,0,0,,0.01,,
8,23,169-190,House 7 Outside,GHM,22/08/23,,1,1,,,,16,,1,0,2,0,3,,0.01,,
8,23,169-190,House 7 Outside,GHM,22/08/23,,1,1,,,,16,,1,0,1,0,3,,0.03,,
8,23,169-190,House 7 Outside,GHM,22/08/23,,1,1,,,,16,,2,0,0,0,0,,0.09,,
8,23,169-190,House 7 Outside,GHM,22/08/23,,1,1,,,,16,,1,0,1,0,3,,0.14,,
8,23,169-190,House 7 Outside,GHM,22/08/23,,1,1,,,,16,,1,0,2,0,3,,0.14,,
8,23,169-190,House 7 Outside,GHM,22/08/23,,1,1,,,,16,,3,0,0,0,0,,0.16,,
8,23,169-190,House 7 Outside,GHM,22/08/23,,1,1,,,,16,,3,0,0,0,0,,0.41,,
8,23,169-190,House 7 Outside,GHM,22/08/23,,1,1,,,,16,,2,0,0,0,0,,0.22,,
8,23,169-190,House 7 Outside,GHM,22/08/23,,1,1,,,,16,,2,0,0,0,0,,0.63,,
8,19,227-231,EP,YKRA,25/08/23,,1,1,,,,16,,2,0,0,0,0,,0.29,,
8,18,199-226,House 6,GDD,24/08/23,,1,1,,,,16,,3,0,0,0,0,,0.12,,
8,18,199-226,House 6,GDD,24/08/23,,1,1,,,,16,,1,0,1,0,3,,0.01,,
8,18,199-226,House 6,GDD,24/08/23,,1,1,,,,16,,2,0,0,0,0,,0.55,,
8,18,199-226,House 6,GDD,24/08/23,,1,2,,,,16,,1,3,0,0,2,,0.91,,
8A,3,130-152,,YKRA,21/08/23,,1,1,,,,16,,3,0,0,0,0,,0.07,,
8A,3,130-152,,YKRA,21/08/23,,1,1,,,,16,,2,0,3,0,3,,0.35,,
8A,3,130-152,,YKRA,21/08/23,,1,1,,,,16,,1,0,1,0,3,,0.31,,x
7B,3,189-200,House 1 Above,GD/GH/SC,13/07/23,,1,1,,,,16,,1,0,3,0,3,,0.64,MOQ-458,
7B,3,189-200,House 1 Above,GD/GH/SC,13/07/23,,1,1,,,,16,,1,3,1,0,1,,0.5,MOQ-618,x
7B,3,189-200,House 1 Above,GD/GH/SC,13/07/23,,1,1,,,,16,,2,0,0,0,0,,0.34,MOQ-581,
7B,3,189-200,House 1 Above,GD/GH/SC,13/07/23,,1,1,,,,16,,2,0,0,0,0,,0.24,MOQ-582,
7B,3,215-,House 1 Hallway,GDD,20/07/23,,1,1,,,,16,,3,0,0,0,0,,0.11,MOQ-492,
7B,3,189-200,House 1 Above,GD/GH/SC,13/07/23,,1,1,,,,16,,1,2,2,0,1,,0.27,MOQ-525,
7B,3,189-200,House 1 Above,GD/GH/SC,13/07/23,,1,1,,,,16,,3,0,0,0,0,,0.27,MOQ-576,
7A,5,310-313,,GDD,21/07/23,,1,2,,,,16,,2,0,0,0,0,,1.39,MOQ-593,
7A,5,310-313,,GDD,21/07/23,,1,2,,,,16,,1,2,2,0,1,,1.43,MOQ-634,
7A,5,310-313,,GDD,21/07/23,,1,1,,,,16,,1,0,3,0,3,,0.32,MOQ-633,
7A,5,310-313,,GDD,21/07/23,,1,2,25.61,15.57,7.93,16,2,,,`,0,,2,2.26,MOQ-639,x
7A,5,310-313,,GDD,21/07/23,,1,1,,,,16,,1,0,3,0,3,1,0.41,MOQ-648,
7A,6,321-324,,GDD,24/07/23,,1,2,,,,16,,3,0,0,0,0,,0.27,MOQ-657,
7A,6,321-324,,GDD,24/07/23,,1,1,,,,16,,2,0,0,0,0,,0.46,MOQ-632,
7A,6,321-324,,GDD,24/07/23,,1,2,,,,16,,,,,0,,,1.71,MOQ-621,
7A,6,321-324,,GDD,24/07/23,,1,1,,,,16,,3,0,0,0,0,,0.13,MOQ-626,
7A,6,321-324,,GDD,24/07/23,,1,1,,,,16,,1,1,0,0,2,,0.33,MOQ-625,
7A,6,321-324,,GDD,24/07/23,,1,1,,,,16,,2,0,1,0,3,,0.5,MOQ-623,
7A,6,321-324,,GDD,24/07/23,,1,1,,,,16,,1,2,1,0,1,1,0.67,MOQ-620,
7A,6,321-324,,GDD,24/07/23,,1,1,,,,16,,2,0,0,0,0,,0.41,MOQ-622,
7A,6,321-324,,GDD,24/07/23,,1,1,,,,16,,2,0,0,0,0,,0.74,MOQ-624,
7,29NE,237-244,House 4,HQB,20/07/23,,1,1,,,,16,,1,2,2,0,1,1,0.42,MOQ-2320,
7,29NE,237-244,House 4,HQB,20/07/23,,1,2,,,,16,3,,1,,0,,,2.37,MOQ-2321,x
7,24W,253-261,House 4 Below Floor,MB/LL/RV,24/07/23,,1,>1,,,,16,,3,0,0,0,0,,0.02,MOQ-2340,
7,30NW,241-294,House 4 Below Floor,MB/LL/RV,24/07/23,,1,1,,,,16,,3,0,0,0,0,,0.53,MOQ-2332,
7,36,103-105,House 1 Outside,RVQ,27/06/23,,1,1,,,,16,,3,0,0,0,0,,0.16,MOQ-2324,
7,30,190-214,House 1,AFA,11/7/2023,,1,1,,,,16,,1,0,1,0,3,,0.14,MOQ-2331,
7,19,176-186,House 3,ENHR,29/06/23,,1,1,,,,16,,1,0,2,0,3,,0.2,MOQ-2329,
7,30,190-214,House 1,AFA,11/7/2023,,1,1,,,,16,,2,2,0,0,2,,0.55,MOQ-2308,
7,17,300-303,,GD/EN,28/07/23,,1,1,,,,16,,1,4,2,0,1,,0.17,MOQ-2279,
7,17,300-303,,GD/EN,28/07/23,,1,1,,,,16,,1,0,2,0,3,,0.42,MOQ-2280,
7,30,214-219,House 1,AF/MB,12/7/2023,,1,1,,,,16,,2,2,0,0,2,,0.75,MOQ-2296,
7,33N,80-90,House Outside,MB/RP,28/06/23,,1,1,,,,16,,1,2,1,0,1,,0.54,MOQ-2286,
7,18,286-301,,GD/EN,27/07/23,,1,1,,,,16,,2,0,0,0,0,,0.4,MOQ-2283,
7,17,300-303,,GD/EN,28/07/23,,1,1,,,,16,,2,0,1,0,3,,0.09,MOQ-2287,
7,17,300-303,,GD/EN,28/07/23,,1,1,,,,16,,3,0,0,2,0,,0.55,MOQ-2288,x
7,23SE+29SE,269-277,House 5 Inside,MB/LL,28/07/23,,1,1,,,,16,,1,0,2,0,3,,0.11,MOQ-2300,
7,23SE+29SE,269-277,House 5 Inside,MB/LL,28/07/23,,1,1,,,,16,,3,0,0,0,0,,0.09,MOQ-2301,
7,23SE+29SE,269-277,House 5 Inside,MB/LL,28/07/23,,1,1,,,,16,,2,0,0,0,0,,0.18,MOQ-2302,
7,23SE+29SE,269-277,House 5 Inside,MB/LL,28/07/23,,1,1,,,,16,,1,0,2,0,3,,0.02,not pxrf'd,
7,24NE,265-271,House 4 Outside,RV/MB/LL/RR,25/07/23,,1,2,,,,16,,3,0,0,0,0,,0.54,MOQ-2309,
7,24,247-327,House 1,MB/HQ,11/7/2023,,1,1,,,,16,,1,2,2,0,1,,0.26,MOQ-2256,
7,33N,80-90,House Outside,MB/RP/LL,27/06/23,,1,2,,,,16,,1,2,3,0,1,,0.85,MOQ-2255,
7,30NE,254-268,House 4 Outside,RV/MB/LL/RR,25/07/23,,1,1,,,,16,,2,0,0,0,0,,0.61,MOQ-2311,
7,30NW,255-270,House 5,MB/RV,26/07/23,,1,1,,,,16,,1,2,3,0,1,,0.11,MOQ-2305,
7,11,359-362,,RVQ,27/06/23,,1,2,,,,16,,1,1,2,0,1,,0.81,MOQ-2254,
7,24NE,265-271,House 4 Outside Below,NB/RV,25/07/23,,1,1,,,,16,,1,1,3,0,1,"1,2",0.47,MOQ-2281,x
7,23W,244-245,House 1 Floor,HQB,20/07/23,,1,1,,,,16,,3,0,0,0,0,,0.22,MOQ-2258,
7,17,294-298,,RVQ,27/06/23,,1,1,,,,16,,,,,4,,,1.11,MOQ-2260,x
7,30,190-214,House 1,AFA,11/7/2023,,1,1,,,,16,,1,4,2,0,1,,0.59,MOQ-2269,
7,29,192-215,House 1,AFA,12/7/2023,,1,1,14.1,11.61,4.36,16,4,,,1,0,,2,0.71,MOQ-2297,x
7,17,300-303,,GD/EN,28/07/23,,1,1,,,,16,,2,0,0,0,0,,0.64,MOQ-2295,
7,6,299-419,,SCS,20/06/23,,1,1,,,,16,,3,0,0,0,0,,0.85,MOQ-2323,
7,28,142-151,Wall Fall Box Inside,MB/RP,28/06/23,,1,1,,,,16,,1,1,3,0,1,,0.11,MOQ-2284,x
7,25E,259-269,House 5,RV/MB,26/07/23,,1,1,,,,16,,1,3,3,0,1,,0.25,MOQ-2267,
7,25E,259-269,House 5,RV/MB,26/07/23,,1,1,,,,16,,2,0,0,0,0,,0.13,MOQ-2268,
7,29,192-215,House,AFA,12/7/2023,,1,1,,,,16,,3,0,0,0,0,,0.19,MOQ-2259,
7,23W,244-245,House 1 Floor,HQB,20/07/23,,1,1,,,,16,,1,1,1,0,1,,0.3,MOQ-2243,
7,18S,286-301,,GD/EN,27/07/23,,1,1,,,,16,,1,1,0,0,2,,0.42,MOQ-2235,
7,18S,286-301,,GD/EN,27/07/23,,1,1,,,,16,,0,0,2,0,3,,0.2,MOQ-2231,
7,18S,286-301,,GD/EN,27/07/23,,1,1,,,,16,,2,0,0,0,0,,0.44,MOQ-2236,
7,18S,286-301,,GD/EN,27/07/23,,1,1,,,,16,,2,0,0,0,0,,0.31,MOQ-2233,
7,18S,286-301,,GD/EN,27/07/23,,1,1,,,,16,,2,0,0,0,0,,0.58,MOQ-2234,
7,18S,286-301,,GD/EN,27/07/23,,1,1,,,,16,,1,1,1,0,1,,0.83,MOQ-2237,
7,18S,286-301,,GD/EN,27/07/23,,1,1,,,,16,,1,0,3,0,3,,0.16,MOQ-2232,
7,18S,286-301,,GD/EN,27/07/23,,1,1,,,,16,,3,0,0,0,0,,1.23,MOQ-2238,
7,18S,286-301,,GD/EN,27/07/23,,1,1,,,,16,4,,,1,0,1,,0.56,MOQ-2240,x
7,18S,286-301,,GD/EN,27/07/23,,1,1,,,,16,,3,0,0,0,0,,0.46,MOQ-2239,
7,20,157-185,,GDD,15/06/23,,1,2,,,,16,,2,0,0,0,0,,1.69,MOQ-2257,x
7,18S,286-301,,GD/EN,27/07/23,,1,1,,,,16,,1,0,1,0,3,,0.1,MOQ-2242,
7,18S,286-301,,GD/EN,27/07/23,,1,2,,,,16,,1,2,3,0,1,,0.71,MOQ-2241,
7,26,115-125,House 3 Above,GDD,22/06/23,,1,1,,,,16,,1,0,1,0,3,,0.38,MOQ-2271,
7,30NW,239-241,House 4 Ash,HQB,20/07/23,,1,1,,,,16,,3,0,0,0,0,,0.88,MOQ-2276,
7,30NW,239-241,House 4 Ash,HQB,20/07/23,,1,1,,,,16,,1,1,2,0,1,,0.12,MOQ-2277,
7,23E,259-269,House 5,RV/MB,26/07/23,,1,1,,,,16,,2,0,0,0,0,,0.47,MOQ-2327,
7,18S,286-301,,GD/EN,27/07/23,,1,1,,,,16,,3,0,0,0,0,,0.2,MOQ-2219,
7,18S,286-301,,GD/EN,27/07/23,,1,1,,,,16,,1,0,3,0,3,,0.44,MOQ-2220,
7,23W,242-244,House 1 Outside Wall,SC/RP,18/07/23,,1,1,,,,16,4,,,1,0,,,0.22,MOQ-2245,x
7,21,203-207,House 2 Floor,RP/LL,29/06/23,,1,1,,,,16,,1,1,2,0,1,,0.01,MOQ-2253,
7,30,190-214,House 1,MB/AL,11/7/2023,,1,1,,,,16,,1,0,3,0,3,,0.09,MOQ-2262,
7,30,190-214,House 1,MB/AL,11/7/2023,,1,1,,,,16,,1,2,3,0,1,,0.08,MOQ-2263,
7,30,190-214,House 1,MB/AL,11/7/2023,,1,1,,,,16,,1,3,1,0,1,,0.19,MOQ-2261,
7,30,190-214,House 1,MB/AL,11/7/2023,,1,1,,,,16,,3,0,0,0,0,,0.44,MOQ-2264,
7,30,190-214,House 1,MB/AL,11/7/2023,,1,1,,,,16,,1,0,3,0,3,,0.92,MOQ-2266,
7,30,190-214,House 1,MB/AL,11/7/2023,,1,1,,,,16,,1,2,1,0,1,,0.35,MOQ-2265,
7,22,207-217,Above Floor,MB/LL/F,23/06/23,,1,2,,,,16,,1,1,1,0,1,,0.92,MOQ-2230,x
7,17,300-303,,GD/EN,28/07/23,,1,2,,,,16,,1,1,2,0,1,,1.71,MOQ-2221,
7,30NE,239-240,House 4,HQB,20/04/23,,1,1,,,,16,,2,0,1,0,3,,0.44,MOQ-2249,
7,22,207-217,Above Floor,MB/F/LL,23/06/23,,1,2,27.02,11.17,5.12,16,4,,,1,0,,2,1.66,MOQ-2211,x
7,22,207-217,Above Floor,MB/F/LL,23/06/23,,1,1,,,,16,,1,3,1,0,1,,1.06,MOQ-2312,
7,24SW,239-,House 4 Inside,HQB,20/07/23,,1,1,,,,16,,1,0,1,0,3,1,0.33,MOQ-2314,
7,24,247-327,House 1 Inside,RR,11/7/2023,,1,1,,,,16,,1,1,3,0,1,1,0.05,MOQ-2251,
7,24,247-327,House 1 Inside,RR,11/7/2023,,1,1,,,,16,,3,0,0,0,0,,0.13,MOQ-2252,
7,16,258-265,,MB/F/LL/A,26/06/23,,1,1,,,,16,,2,0,0,0,5,,0.13,MOQ-2208,
7,16,258-265,,MB/F/LL/A,26/06/23,,1,2,,,,16,,1,4,1,0,1,1,0.59,MOQ-2209,
7,16,258-265,,MB/F/LL/A,26/06/23,,1,2,,,,16,,2,0,0,0,5,,1.08,MOQ-2210,
7,21,200-203,House 2 Above Floor,MB/F,23/06/23,,1,1,,,,16,,1,2,2,0,1,,0.51,MOQ-2229,
7,30NE,238-254,House 4 Outside,RV/MB/LL,24/07/23,,1,2,,,,16,4,,,1,0,,2,1.29,MOQ-2250,x
8,20,227-,,AF/JQ,11/8/2023,,1,1,,,,16,,1,1,1,0,1,,0.63,MOQ-1244,
8,25,162-177,House 6,JQ,9/8/2023,,1,1,,,,16,,1,2,3,0,1,,0.11,MOQ-1191,
8,25,177-210,House 6,JQ,10/8/2023,,1,1,,,,16,,3,0,0,0,0,,0.02,MOQ-1177,
8,25,177-210,House 6,JQ,10/8/2023,,1,1,,,,16,,3,0,0,0,0,,0.06,MOQ-1176,
8,25,177-210,House 6,JQ,10/8/2023,,1,1,,,,16,,3,0,0,0,0,,0.23,MOQ-1181,
8,25,177-210,House 6,JQ,10/8/2023,,1,1,,,,16,,2,0,1,0,3,,0.28,MOQ-1180,
8,25,177-210,House 6,JQ,10/8/2023,,1,1,,,,16,,1,1,3,0,1,1,0.38,MOQ-1182,
8,25,177-210,House 6,JQ,10/8/2023,,1,2,,,,16,,3,0,0,0,0,,0.44,MOQ-1179,
8,25,177-210,House 6,JQ,10/8/2023,,1,2,,,,16,,3,0,0,1,0,,1.38,MOQ-1178,
8,20,206-234,House 6,GD/FM/AF,4/8/2023,,1,1,,,,16,,1,1,1,0,1,,0.28,MOQ-1750,
8,20,206-234,House 6,GD/FM/AF,4/8/2023,,1,1,,,,16,,1,4,1,0,1,,0.31,MOQ-1751,
8,20,,House 6,JQ,11/8/2023,,1,2,23.2,14.29,5.53,16,2,,,1,0,,2,1.69,MOQ-1208,x
8,20,227-,House 6,AFA,11/8/2023,,1,1,,,,16,,1,3,1,0,1,,0.48,MOQ-1210,
8,13,248-264,Ceramic Event,SCS,9/8/2023,,1,1,,,,16,,2,1,0,0,2,,0.1,MOQ-1190,
8,20,227-,House 6,AFA,11/8/2023,,1,2,,,,16,,1,1,2,0,1,,1.69,MOQ-1174,x
8,19,206-220,House 6,SCS,7/8/2023,,1,1,,,,16,,3,0,0,0,0,,0.09,MOQ-1166,x
8,19,206-220,House 6,SCS,7/8/2023,,1,1,,,,16,,1,1,3,0,1,1,0.27,MOQ-1167,x
8,19,206-220,House 6,SCS,7/8/2023,,1,1,,,,16,,1,2,1,0,1,,0.35,MOQ-1168,
8,19,206-220,House 6,SCS,7/8/2023,,1,1,,,,16,,1,1,3,0,1,1,0.72,MOQ-1107,
8,13,248-264,Ceramic Event,SCS,9/8/2023,,1,2,21.01,13.07,5.47,16,2,0,0,3,0,1,2,1.0,MOQ-1175,x
8,25,177-210,House 6,JQ,10/8/2023,,1,1,,,,16,,1,0,3,0,3,1,0.41,MOQ-1172,
8,18,192-195,House 6SW Outside,JQ,14/08/23,,1,2,,,,16,,2,0,0,0,0,,2.1,MOQ-992,
8,20,234-,,RP,4/8/2023,,1,2,,,,16,,1,1,2,0,1,2,1.12,MOQ-1187,
8,25,162-177,House 6,JQ,9/9/2023,,1,1,,,,16,,1,3,0,0,2,,0.41,MOQ-1194,
8,21,135-157,,ENHR,23/08/23,,1,2,,,,16,,2,0,0,3,0,,1.18,MOQ-1067,
8,25,162-177,House 6,JQ,9/8/2023,,1,1,,,,16,,1,1,2,0,1,,0.11,MOQ-1189,
8,15,302-310,,RVQ,7/8/2023,,1,2,,,,16,4,,1,2,0,1,,1.4,MOQ-1185,x
8,24,125-135,,FM,2/8/2023,,1,1,,,,16,,1,1,2,0,1,1,0.45,MOQ-1731,
8,14,220-234,House 6,SCS,14/08/23,,1,1,,,,16,,3,0,0,0,0,,0.24,MOQ-1055,x
8,20,227-,House 6,AF/JQ,11/8/2023,,1,1,,,,16,,2,2,0,0,2,,0.5,MOQ-1247,
8,25,177-210,House 6,JQ,18/08/23,,1,1,,,,16,,1,2,2,0,1,,0.41,MOQ-1183,
8,20,234-236,House 6,SCS,7/8/2023,,1,1,,,,16,,2,0,0,0,0,,0.22,MOQ-1161,
8,20,234-236,House 6,RVQ,7/8/2023,,1,1,,,,16,,2,0,0,0,0,,0.85,MOQ-1158,
8,25,162-177,House 6,JQ,9/8/2023,,1,2,,,,16,,3,0,0,0,0,,0.56,MOQ-1193,
8,25,177-210,House 6,JQ,10/8/2023,,1,2,,,,16,,3,0,0,0,0,0,0.84,MOQ-1171,
8,25,162-177,House 6,JQ,9/8/2023,,1,1,,,,16,,2,0,0,0,0,,0.16,MOQ-1267,
8,25,162-177,House 6,JQ,9/8/2023,,1,2,,,,16,,2,0,1,0,3,,0.58,MOQ-1268,
8,24,160-173,House 6,SCS,11/8/2023,,1,2,,,,16,,1,1,0,0,2,,0.61,MOQ-1225,
8,18,192-195,House 6SW Outside,JQ,15/08/23,,1,2,,,,16,,2,0,2,0,3,,0.6,MOQ-1083,
8,12,?-254,,ENHR,15/08/23,,1,2,,,,16,,1,1,0,0,2,1,0.95,MOQ-1069,
8,15,302-310,,RVQ,7/8/2023,,1,2,,,,16,,2,0,0,0,0,0,1.07,MOQ-1197,
8,20,227-,House 6,AF/DQ,11/8/2023,,1,1,,,,16,,1,1,2,0,1,,0.44,MOQ-1215,
8,14,300-305,Hallway,SCS,10/8/2023,,1,1,,,,16,,1,2,2,0,1,,0.07,MOQ-1240,
8,14,290-293,,GDD,7/8/2023,,1,1,,,,16,,2,0,3,0,3,,0.11,MOQ-1248,
8,25,162-177,House 6,JQ,4/8/2023,,1,1,,,,16,,3,0,0,0,0,,0.18,MOQ-1199,
8,20,227,House 6,DQ/AF,11/9/2023,,1,1,,,,16,,1,1,1,0,1,,0.36,MOQ-1198,
8,15,302-310,,JQ,4/8/2023,,1,1,,,,16,,3,0,0,0,0,,0.35,MOQ-1196,
8,15,302-310,,JQ,4/8/2023,,1,2,,,,16,,1,1,0,0,2,,1.12,MOQ-1195,
8,18,195-,House 6 Outside,CCO,18/08/23,,1,1,,,,16,,3,0,0,0,0,,0.06,MOQ-1079,
8,18,195-,House 6 Outside,CCO,18/08/23,,1,1,,,,16,,3,0,0,0,0,,0.13,MOQ-1081,
8,18,195-,House 6 Outside,CCO,18/08/23,,1,1,,,,16,,1,1,2,0,1,,0.15,MOQ-1076,
8,18,195-,House 6 Outside,CCO,18/08/23,,1,1,,,,16,,1,1,2,0,1,,0.19,MOQ-1077,
8,18,195-,House 6 Outside,CCO,18/08/23,,1,1,,,,16,,1,1,2,0,1,,0.17,MOQ-1078,
8,18,195-,House 6 Outside,CCO,18/08/23,,1,1,,,,16,,1,1,3,0,3,,0.21,MOQ-1080,
8,18,195-,House 6 Outside,CCO,18/08/23,,1,1,,,,16,,1,1,1,0,1,,0.18,MOQ-1082,
8,24,160-173,House 6,SCS,11/8/2023,,1,1,,,,16,,1,2,1,0,1,,0.08,MOQ-1237,
8,24,160-173,House 6,SCS,11/8/2023,,1,1,,,,16,,1,2,2,0,1,,0.18,MOQ-1238,
8,24,160-173,House 6,SCS,11/8/2023,,1,2,,,,16,,2,0,0,0,0,,0.53,MOQ-1239,
8,24,160-173,House 6,SCS,11/8/2023,,1,1,,,,16,,2,0,0,0,0,,0.02,not p-xrfd,
8,20,227,House 6,AFA,11/8/2023,,1,1,,,,16,,1,2,1,0,1,,0.8,MOQ-1235,
8,24,138-160,,SCS,9/8/2023,,1,1,,,,16,,1,0,1,0,3,,0.11,MOQ-1266,
8,25,210-,House 6,AFA/F,14/08/23,,1,2,,,,16,,2,0,0,0,0,,2.14,MOQ-1054,
8,11,?-248,House 7,ENHR,17/08/23,,1,1,,,,16,,3,0,0,0,0,,0.26,MOQ-1030,
8,18,192-195,House 6 Outside,MB/JQ,14/08/23,,1,1,,,,16,,1,0,3,0,3,,0.92,MOQ-1009,
8,18,192-195,House 6 Outside,MB/JQ,14/08/23,,1,1,,,,16,,2,0,0,0,0,,0.7,MOQ-1010,
8,18,192-195,House 6 Outside,MB/JQ,14/08/23,,1,1,,,,16,,1,2,0,0,2,1,0.08,MOQ-1011,
8,23,140?,,JQ,15/08/23,,1,1,,,,16,,2,0,0,0,0,,0.14,MOQ-990,
8,23,140?,,JQ,15/08/23,,1,1,,,,16,,1,2,2,0,1,,0.21,MOQ-988,
8,23,140?,,JQ,15/08/23,,1,1,,,,16,,3,0,0,0,0,,0.33,MOQ-989,
8,18,192-195,House 6SW Outside,JQ,15/08/23,,1,1,,,,16,,1,2,1,0,1,,0.29,MOQ-968,
8,21,135-157,,ENHR,23/08/23,,1,1,,,,16,,2,0,0,0,0,,0.76,MOQ-993,
8,18,194,House 6SW Outside,CCO,18/08/23,,1,1,,,,16,,3,0,0,0,0,,0.66,MOQ-909,
8,24,160-173,House 6,SCS,11/8/2023,,1,1,,,,16,,2,0,0,0,0,,0.35,MOQ-902,
8,22,117-124,,ENHR,15/08/23,,1,1,,,,16,,1,1,2,0,1,,0.27,MOQ-906,
8,23,156,,CCO,16/08/23,,1,1,,,,16,,1,1,0,0,2,,0.23,MOQ-1066,
8,20,234-236,,FM/AF,7/8/2023,,1,1,,,,16,,3,0,0,0,0,,0.57,MOQ-1154,
8,24,138-160,,SCS,9/8/2023,,1,1,,,,16,,1,1,0,0,2,,0.27,MOQ-1157,
8,15,302-310,,RVQ,7/8/2023,,1,1,,,,16,,3,0,0,0,0,,0.35,MOQ-1186,
8,13,248-264,Ceramic Event,SCS,9/8/2023,,1,2,,,,16,,3,0,0,0,0,,3.28,MOQ-1137,x
8,11,?-240,House 7,ENHR,17/08/23,,1,1,,,,16,,1,1,3,0,1,,0.51,MOQ-901,
8,14,300-305,Hallway,SCS,10/8/2023,,1,1,,,,16,,3,0,0,0,0,,0.6,MOQ-1105,
8,20,234-236,,RVQ,7/8/2023,,1,1,,,,16,,1,1,1,0,1,1,0.03,MOQ-1252,
8,20,234-236,,RVQ,7/8/2023,,1,2,,,,16,,3,0,0,0,0,,0.92,MOQ-1253,
8,20,227-,House 6,AFA/MB,11/8/2023,,1,2,,,,16,,3,0,0,2,0,,2.47,MOQ-1262,x
8,13,248-264,Ceramic Event,SCS,9/8/2023,,1,2,,,,16,,1,1,1,0,1,1,0.38,MOQ-1162,
8,14,290-293,,RVQ,7/8/2023,,1,1,,,,16,,1,1,1,0,1,,0.24,MOQ-1233,
8,14,290-293,,RVQ,7/8/2023,,1,1,,,,16,,1,1,1,0,1,,0.3,MOQ-1232,
8,14,290-293,,RVQ,7/8/2023,,1,1,,,,16,,2,0,0,0,0,,0.49,MOQ-1231,
8,25,162-177,House 6,JQ,9/8/2023,,1,2,,,,16,,2,0,3,0,3,,0.83,MOQ-1192,
8,24,160-173,House 6,SCS,10/8/2023,,1,1,,,,16,,1,2,3,0,1,,0.64,MOQ-1074,
8,18,196,House 6SW Outside,CCO,18/08/23,,1,2,,,,16,,1,2,3,0,1,,0.4,MOQ-1032,
8,24,138-160,,SCS,9/8/2023,,1,2,17.38,12.06,4.5,16,,1,1,2,0,1,"1,2",0.77,MOQ-1108,x
8,20,234-236,House 6,RVQ,7/8/2023,,1,1,,,,16,,1,2,2,0,1,,0.38,MOQ-1102,
8,18,192,House 6SW Outside,CCO,18/08/23,,1,1,,,,16,,1,1,3,0,1,,0.56,MOQ-991,
8,11,?-240,House 7,ENHR,17/08/23,,1,1,,,,16,,2,0,0,0,0,,0.11,MOQ-963,
8,11,?-240,House 7,ENHR,17/08/23,,1,1,,,,16,,1,2,0,0,2,,0.35,MOQ-961,x
8,11,?-240,House 7,ENHR,17/08/23,,1,1,,,,16,,1,0,2,0,3,,0.34,MOQ-962,x
8,22,117-124,,EH/KR,14/08/23,,1,1,,,,16,,1,0,3,0,3,,0.08,MOQ-927,
8,22,117-124,,EH/KR,14/08/23,,1,1,,,,16,,3,0,0,0,0,,0.22,MOQ-928,
8,22,117-124,,EH/KR,14/08/23,,1,1,,,,16,,3,0,0,0,0,,0.06,MOQ-929,
8,22,117-124,,EH/KR,14/08/23,,1,1,,,,16,,2,0,0,1,0,,0.29,MOQ-1087,
8,22,117-124,,EH/KR,14/08/23,,1,1,,,,16,,2,0,0,0,0,,0.23,MOQ-1088,
8,18,192,House 6SW Outside,CCO,18/08/23,,1,1,,,,16,,1,1,3,0,1,,0.35,MOQ-955,
8,19,206-220,,SCS,11/8/2023,,1,1,,,,16,,2,1,0,0,2,,0.03,MOQ-896,
8,22,117-124,,ENHR,15/08/23,,1,2,,,,16,,3,0,0,0,0,,0.96,MOQ-1013,
8,22,117-124,,ENHR,14/08/23,,1,1,,,,16,,3,0,0,0,0,,0.05,MOQ-943,
8,22,117-124,,ENHR,14/08/23,,1,2,,,,16,,3,0,0,0,0,,1.43,MOQ-944,x
8,22,117-124,,EH/KR,14/08/23,,1,2,,,,16,,1,1,1,0,1,,0.59,MOQ-889,
8,11,?-240,House 7,ENHR,17/08/23,,1,1,,,,16,,1,2,0,0,2,,0.35,MOQ-899,
8,12,?-254,,ENHR,15/08/23,,1,1,,,,16,,3,0,0,0,0,,0.21,MOQ-732,
8,11,?-240,House 7,ENHR,17/08/23,,1,1,,,,16,,1,2,2,0,1,,0.37,MOQ-879,
8,11,?-240,House 7,ENHR,17/08/23,,1,1,,,,16,,2,1,0,0,0,,0.14,MOQ-995,
8,19,220-234,House 6,SCS,11/8/2023,,1,1,,,,16,,1,0,0,0,4,,0.53,MOQ-979,
8,19,220-234,House 6,SCS,14/08/23,,1,1,,,,16,,1,1,0,0,2,2,1.0,MOQ-964,x
8,22,117-124,,EH/KR,14/08/23,,1,2,,,,16,,1,2,0,0,2,,0.61,MOQ-886,
8,20,227-,House 6,AF/JQ,11/8/2023,,1,1,,,,16,,1,1,1,0,1,2,0.47,MOQ-1209,x
8,21,135-157,,ENHR,23/08/23,,1,1,,,,16,,1,2,2,0,1,,0.3,MOQ-1091,
8,21,135-157,,ENHR,23/08/23,,1,1,,,,16,,2,0,0,0,0,,0.23,MOQ-1093,
8,21,135-157,,ENHR,23/08/23,,1,1,,,,16,,2,2,0,0,2,,0.22,MOQ-1094,
8,21,135-157,,ENHR,23/08/23,,1,1,,,,16,,2,0,0,0,0,,0.17,MOQ-1095,
8,21,135-157,,ENHR,23/08/23,,1,1,,,,16,,1,0,2,0,3,,0.15,MOQ-1098,
8,21,135-157,,ENHR,23/08/23,,1,1,,,,16,,2,0,0,0,0,,0.1,MOQ-1092,
8,21,135-157,,ENHR,23/08/23,,1,1,,,,16,,1,1,2,0,1,,0.06,MOQ-1096,
8,21,135-157,,ENHR,23/08/23,,1,1,,,,16,,3,0,0,0,0,,0.04,MOQ-1097,
8,21,135-157,,ENHR,23/08/23,,1,1,,,,16,,1,0,1,0,3,,0.01,MOQ-1099,
8,18,190,House 6 Outside,CCO,18/08/23,,1,1,,,,16,,1,0,1,1,3,1,0.2,MOQ-1001,
8,19,220-234,House 6,SCS,14/08/23,,1,1,,,,16,,1,1,2,0,1,,0.19,MOQ-1070,
8,19,220-234,House 6,SCS,14/08/23,,1,1,,,,16,,2,0,0,0,0,,0.05,MOQ-1071,
8,19,220-234,House 6,SCS,14/08/23,,1,1,,,,16,,1,1,2,0,1,1,0.72,MOQ-1072,x
8,19,220-234,House 6,SCS,14/08/23,,1,2,,,,16,,1,2,0,0,2,,0.58,MOQ-1073,
8,20,227-,House 6,AFA,11/8/2023,,1,1,,,,16,,2,1,0,0,2,,0.32,MOQ-1188,
8,16,?-159,,ENHR,16/08/23,,1,2,19.0,12.6,5.69,16,4,,,1,0,,2,1.29,MOQ-1236,x
8,25,162-177,House 6,,,,1,1,,,,16,,1,1,3,0,1,,0.11,MOQ-1257,
8,20,227-236,House 6,JQ,8/8/2023,,1,1,,,,16,,2,0,0,0,4,,0.07,MOQ-1203,
8,20,227-236,House 6,JQ,8/8/2023,,1,1,,,,16,,1,0,1,0,3,,0.09,MOQ-1205,
8,20,227-236,House 6,JQ,8/8/2023,,1,1,,,,16,,2,3,0,0,2,,0.41,MOQ-1204,
8,20,227-236,House 6,JQ,8/8/2023,,1,1,,,,16,,3,0,0,0,0,,0.26,MOQ-1207,
8,20,227-236,House 6,JQ,8/8/2023,,1,2,,,,16,,3,0,0,0,0,1,0.6,MOQ-1206,
8,14,293-300,Hallway,SCS,8/8/2023,,1,1,,,,16,,2,0,0,0,0,,0.56,MOQ-1130,
8,14,293-300,Hallway,SCS,8/8/2023,,1,1,,,,16,,1,1,0,0,2,,0.49,MOQ-1131,
8,23,134-169,,JQ,15/08/23,,1,2,,,,16,,2,0,0,0,0,,1.05,MOQ-1015,
8,20,234-236,,SCS,7/8/2023,,1,1>,,,,16,,3,0,0,0,0,,0.01,not-pxrf'd,
8,15,312-315,House 6,SCS,10/8/2023,,1,1,,,,16,,1,1,1,0,2,,0.14,MOQ-1135,
8,18,192-195,House 6SW Outside,JQ,14/08/23,,1,1,,,,16,,1,1,1,0,1,1,1.46,MOQ-1023,x
8,19,206-220,,SCS,7/8/2023,,1,1,,,,16,,2,2,0,0,2,,0.33,MOQ-1106,
8,20,234-236,,RVQ,7/8/2023,,1,2,,,,16,,1,1,2,0,1,,2.06,MOQ-1134,x
8,19,206-220,House 6,SCS,7/8/2023,,1,1,,,,16,,1,1,2,0,1,,0.15,MOQ-1133,
8,20,236-227,House 6,JQ,8/8/2023,,1,1,,,,16,,1,2,3,0,1,1,0.54,MOQ-1129,
8,20,234-236,,FM/AF,7/8/2023,,1,1,,,,16,,1,0,2,0,3,,0.11,MOQ-1109,
8,20,234-236,,FM/AF,7/8/2023,,1,1,,,,16,,1,1,2,0,1,,0.09,MOQ-1110,
8,19,220-234,House 6,SCS,14/08/23,,1,1,,,,16,,1,2,0,0,2,,0.22,MOQ-1028,
8,19,220-234,House 6,SCS,14/08/23,,1,1,,,,16,,1,0,3,0,3,,0.13,MOQ-1012,
8,20,227-236,House 6,JQ,8/8/2023,,1,1,,,,16,,1,2,1,0,1,,0.63,MOQ-1114,
8,20,234-236,,SCS,7/8/2023,,1,1,,,,16,,2,0,0,0,0,,0.29,MOQ-1126,
8,20,234-236,,SCS,7/8/2023,,1,1,,,,16,,2,3,0,0,2,,0.34,MOQ-1127,
8,20,234-236,,SCS,7/8/2023,,1,1,,,,16,,1,2,0,0,2,,0.88,MOQ-1132,
8,14,300-305,Hallway,SCS,10/8/2023,,1,1,,,,16,,1,1,1,0,1,1,0.48,MOQ-1128,x
8,19,206-220,House 6,SCS,4/8/2023,,1,2,,,,16,,3,0,0,0,0,,1.22,MOQ-1103,
8,25,210-,House 6,AFA/F,14/08/23,,1,1,,,,16,,1,0,1,0,3,,0.17,MOQ-743,
8,24,160-173,House 6,SCS,10/8/2023,,1,1,,,,16,,2,0,0,0,0,,0.09,MOQ-1246,
8,14,197-220,House 6,SCS,24/07/23,,1,1,,,,16,,1,2,2,0,1,,0.12,MOQ-805,
8,14,197-220,House 6,SCS,24/07/23,,1,1,,,,16,,3,0,0,0,0,,0.09,MOQ-806,
8,14,197-220,House 6,SCS,24/07/23,,3,1>,,,,16,,2,0,0,0,0,,0.06,not-pxrf'd,
8,19,206-220,House 6,SCS,7/8/2023,,1,2,,,,16,,1,1,2,0,1,,0.52,MOQ-1113,
8,20,227-259,House 6,AFA,14/08/23,,1,1,,,,16,,2,0,1,0,3,,0.06,MOQ-742,
8,20,227-259,House 6,AFA,14/08/23,,1,1,,,,16,,2,0,0,0,0,,0.04,MOQ-741,
8,20,227-259,House 6,AFA,14/08/23,,1,2,,,,16,,3,0,0,0,0,,1.0,MOQ-740,
8,25,210,House 6,AFA/FL,14/08/23,,1,1,,,,16,,1,1,3,0,1,,0.33,MOQ-756,
8,12,?-254,,ENHR,15/08/23,,1,1,,,,16,,3,0,0,0,0,,0.15,MOQ-910,
8,12,?-254,,ENHR,15/08/23,,1,1,,,,16,,1,2,1,0,1,,0.09,MOQ-911,
8,12,?-254,,ENHR,15/08/23,,1,2,,,,16,,1,1,2,0,1,,0.03,MOQ-912,x
8,23,154,,CCO,16/08/23,,1,1,,,,16,,1,2,3,0,1,,0.2,MOQ-1004,
8,10N,378-390,,EN/GD,7/8/2023,,1,1,,,,16,,2,0,2,0,3,,0.62,MOQ-1234,
8,12,?-254,,ENHR,15/08/23,,1,1,,,,16,,1,2,2,0,1,,0.11,MOQ-1728,
7,24,247-,House 1,RV/RVQ,7/7/2023,,1,1,,,,16,,2,0,1,0,3,,0.31,MOQ-1521,
7,23,243-246,House 1,RP/RV,7/7/2023,,1,1,,,,16,,3,0,0,0,0,,0.18,MOQ-1522,
7,30,176-195,House 1 Inside,MB/LL/R,6/7/2023,,1,2,,,,16,,1,2,3,0,1,2,0.83,MOQ-1532,
7,34N,92-98,House 2 Outside,MB/GDD,3/7/2023,,1,1,,,,16,,1,0,2,0,3,,0.35,MOQ-1533,
7,22,222-242,House 2 Inside,SCC/GDD,5/7/2023,,1,2,,,,16,,1,2,2,0,1,,0.58,MOQ-1527,
7,35N,106-109,House 1 Outside,RVQ,3/7/2023,,1,1,,,,16,,1,0,1,0,3,,0.2,MOQ-1525,x
7,22,242-243,House 2 Inside,LL/EN,10/7/2023,,1,1,,,,16,,1,0,1,0,3,,0.47,MOQ-1534,
7,22,242-243,House 2 Inside,LL/EN,10/7/2023,,1,1,,,,16,,1,1,2,0,1,,0.04,MOQ-1535,
7,22,242-243,House 2 Inside,LL/EN,10/7/2023,,1,1,,,,16,,1,1,2,0,1,,0.07,MOQ-1536,
7,29,173-186,House 2,RP,6/7/2023,,1,1,,,,16,,1,0,2,0,3,,0.16,MOQ-1517,
7,29,173-186,House 2,RP,6/7/2023,,1,1,,,,16,,1,2,0,0,2,,0.55,MOQ-1518,
7,29,173-186,House 2,RP,6/7/2023,,1,1,,,,16,,1,1,1,0,1,,0.52,MOQ-1519,
7,35N,106-109,House 2 Outside,RVQ,3/7/2023,,1,1,,,,16,,3,0,0,0,0,,0.66,MOQ-1520,
7,29,163-173,House 2,RVQ,4/7/2023,,1,1,,,,16,,3,0,0,0,0,,0.11,MOQ-1514,
7,29,163-173,House 2,RVQ,4/7/2023,,1,1,,,,16,,1,0,2,0,3,,0.3,MOQ-1513,
7,21E,207-232,House 2 Inside,SCC/GDD,5/7/2023,,1,1,,,,16,,1,0,3,0,3,,0.19,MOQ-1510,
7,28,152-165,House 2 Inside Floor,SCC/GD/MB,4/7/2023,,1,2,,,,16,2,?,?,?,0,?,?,1.11,MOQ-1483,x
7,28,152-165,House 2 Inside Floor,SCC/GD/MB,4/7/2023,,1,3,,,,16,,1,1,1,0,1,2,0.55,MOQ-1484,x
7,20,202-211,,LL,4/6/2023,,1,1,,,,16,,1,1,1,0,1,,0.21,MOQ-1485,
7,20,202-211,,LL,4/6/2023,,1,1,,,,16,,3,0,0,0,0,,0.59,MOQ-1486,
7,20,202-211,,LL,4/6/2023,,1,1,,,,16,,1,1,2,0,1,,0.28,MOQ-1487,
7,20,202-211,,LL,4/6/2023,,1,1,,,,16,,2,0,0,0,0,,0.24,MOQ-1488,
7,20,202-211,,LL,4/6/2023,,1,2,,,,16,,1,1,1,0,1,,0.17,MOQ-1489,
7,20,202-211,,LL,4/6/2023,,1,1,,,,16,,1,1,0,0,2,,0.06,not pxrf'd,
7,28,152-165,House 2 Inside Floor,SC/GD/MB,4/7/2023,,1,1,,,,16,,3,0,0,0,0,,0.28,MOQ-1495,
7,27,146-163,,SC/GD,4/7/2023,,1,1,,,,16,,1,2,0,0,2,,0.28,MOQ-1509,
7,27,146-163,,SC/GD,4/7/2023,,1,1,,,,16,,1,2,2,0,1,,0.42,MOQ-1508,
7,30,171-176,,RVQ,4/7/2023,,1,1,,,,16,,1,2,0,0,2,,0.43,MOQ-1497,
7,27,146-163,,SC/GD/MB,4/7/2023,,1,1,,,,16,,1,0,2,0,3,,0.02,MOQ-1496,
7,27,146-163,Wall Outside,SC/GD,4/7/2023,,1,2,,,,16,,1,1,1,0,1,,0.28,MOQ-1500,x
7,27,146-163,,SC/GD/MB,4/7/2023,,1,1,,,,16,,1,0,1,0,4,,0.19,MOQ-1504,
7,27,146-163,Wall Outside,SC/GD/MB,4/7/2023,,1,1,,,,16,,3,0,0,0,0,,0.21,MOQ-1498,
7,19,186-192,House 3,ENHR,4/7/2023,,1,1,,,,16,,2,0,3,0,3,,0.32,MOQ-1491,
7,23E,229-,House 1 East,RP,5/7/2023,,1,1,,,,16,,2,0,3,0,3,,0.03,MOQ-1481,
7,23E,229-,House 1 East,RP,5/7/2023,,1,1,,,,16,,1,2,0,0,2,,0.41,MOQ-1480,
7,23,243,House 1,RP,6/7/2023,,1,1,,,,16,,1,2,0,0,2,,0.33,MOQ-1478,
7,23,243,House 1,RP,6/7/2023,,1,1,,,,16,4,,,1,0,,2,0.71,MOQ-1464,x
7,22,222-242,House 2 Inside,SCC/GDD,5/7/2023,,1,1,,,,16,,1,1,0,0,2,,0.53,MOQ-1494,
7,20,202-211,,LL,4/6/2023,,1,1,,,,16,,1,1,0,0,2,,0.18,MOQ-1490,
7,23,243,House 1,RP,7/7/2023,,1,1,,,,16,4,,,1,0,,2,0.59,MOQ-1469,x
7,22,222-242,House 2 Inside,MB,4/7/2023,,1,1,,,,16,,1,0,0,0,4,,0.03,not-pxrfd,
7,27,146-163,,SC/GD,4/7/2023,,1,1,,,,16,,1,1,0,0,2,,0.05,MOQ-1502,
7,35N,106-109,House 1 Outside,RVQ,3/7/2023,,1,1,,,,16,,3,0,0,0,0,,0.06,MOQ-1477,
7,23,243,House 1,RP,7/7/2023,,1,1,,,,16,,1,1,1,0,1,,0.17,MOQ-1476,
7,23,243,House 1,RP,6/7/2023,,1,1,,,,16,,2,0,0,0,0,,0.29,MOQ-1460,
7,23,243,House 1,RP,6/7/2023,,1,1,,,,16,,3,0,0,0,0,,0.08,MOQ-1461,
7,24,238-247,House 1,RP,5/7/2023,,1,1,,,,16,,1,0,2,0,3,,0.4,MOQ-1428,
7,34N,92-98,House 2 Outside,MB/GDD,3/7/2023,,1,1,,,,16,,1,1,0,0,2,,0.27,MOQ-1420,
7,34N,92-98,House 2 Outside,MB/GDD,3/7/2023,,1,1,,,,16,,1,2,2,0,1,,0.04,not-pxrfd,
7,34N,92-98,House 2 Outside,MB/GDD,3/7/2023,,1,1,,,,16,,1,0,2,0,3,,0.28,MOQ-1387,
7,34N,92-98,House 2 Outside,MB/GDD,3/7/2023,,1,1,,,,16,,1,1,3,0,1,,0.29,MOQ-1392,
7,20,202-211,,ENHR,4/7/2023,,1,1,,,,16,,1,0,2,0,3,,0.08,MOQ-1512,
7,26,153-166,House 2 Outside,ENHR,7/7/2023,,1,1,,,,16,,3,0,0,0,0,,0.03,not pxrfd,
7,23,243-,House 1,RP/RVQ,7/7/2023,,1,2,18.02,10.12,2.8,16,4,,1,1,0,1,2,0.43,MOQ-1465,x
7,34N,92-98,House 2 Outside,MB/GDD,3/7/2023,,1,1,,,,16,,1,0,2,0,3,,0.15,MOQ-1384,
7,30,171-176,,RVQ,4/7/2023,,1,1,,,,16,,1,1,3,0,1,,0.35,MOQ-1424,x
7,22,220-222,,SCC/GDD,4/7/2023,,1,1,,,,16,,1,0,0,0,4,,0.12,MOQ-1425,
7,34N,92-98,House 2 Outside,MB/GDD,3/7/2023,,1,1,,,,16,,3,0,0,0,0,,0.09,MOQ-1389,
7,34N,92-98,House 2 Outside,MB/GDD,3/7/2023,,1,1,,,,16,,1,0,2,0,3,,0.18,MOQ-1390,
7,34N,92-98,House 2 Outside,MB/GDD,3/7/2023,,1,1,,,,16,,1,0,3,0,3,,0.01,not pxrfd,
7,34N,92-98,House 2 Outside,MB/GDD,3/7/2023,,1,1,,,,16,,3,0,0,0,0,,0.06,not pxrfd,
7,24,173-,House 2,RP,6/7/2023,,1,1,,,,16,,3,0,0,0,0,,0.02,MOQ-1421,
7,23,243-,House 1,RP/RVQ,7/7/2023,,1,3,,,,16,,1,0,3,0,3,,1.91,MOQ-1419,x
7,32,84-94,,ENHR,3/7/2023,,1,1,,,,16,,3,0,0,0,0,,0.32,MOQ-1381,
7,34N,92-98,House 2 Outside,MB/GDD,3/7/2023,,1,1,,,,16,,2,0,0,0,0,,0.63,MOQ-1391,
7,35N,106-109,House 1 Outside,RVQ,3/7/2023,,1,1,,,,16,,1,1,2,0,1,,0.27,MOQ-1386,
7,35N,106-109,House 1 Outside,RVQ,3/7/2023,,1,2,,,,16,,1,0,0,0,4,,0.53,MOQ-1385,
7,27,146-163,,SC/GD,4/7/2023,,1,2,,,,16,,1,1,0,0,2,,1.37,MOQ-1443,
7,17,298-300,,rvq,3/6/2012,,1,1,,,,16,,1,0,3,0,3,,0.68,MOQ-1408,
7,32,84-94,,ENHR,3/7/2023,,1,1,,,,16,,1,0,2,4,3,,0.62,MOQ-1382,x
7,23,243-246,House 1,RVQ/RP,7/7/2023,,1,1,,,,16,,3,0,0,0,0,,0.03,not pxrfd,
7,26,153-166,House 2 Outside,LL/EN,7/7/2023,,1,2,,,,16,2,,,1,0,,2,1.05,MOQ-1399,x
7,34N,98-107,House 2 Outside,MB/GDD,3/7/2023,,1,2,,,,16,,3,0,0,0,0,,1.04,MOQ-1434,
7,25,125-139,House 3 Outside,LL/EN,7/7/2023,,1,2,,,,16,,2,0,1,0,3,,1.0,MOQ-1400,
7,33N,90-96,House 2 Outside,MB/GDD,3/7/2023,,1,1,,,,16,,1,2,2,0,1,,0.04,MOQ-1405,
7,33N,90-96,House 2 Outside,MB/GDD,3/7/2023,,1,1,,,,16,,1,2,1,0,1,,0.2,MOQ-1406,
7,21E,207-232,House 2 Inside,SCC/GDD,5/7/2023,,1,1,,,,16,,3,0,0,0,0,,0.21,MOQ-1418,
7,23,243-,House 1,RP,7/7/2023,,1,1,,,,16,,3,0,0,0,0,,0.21,MOQ-1441,
7,23,243-,House 1,RP,7/7/2023,,1,2,,,,16,,1,2,0,0,2,,0.81,MOQ-1440,
7,28,151-,House 1 Inside,MB/RP,28/6/23,,1,1,,,,16,,2,0,2,0,3,,0.31,MOQ-1401,
7,25,125-156,House 3 Outside,ENHR,7/7/2023,,1,2,,,,16,,1,0,1,0,3,,0.7,MOQ-1396,
7,16,265-285,,MB/LL/R,30/06/23,,1,1,,,,16,,1,0,0,0,4,,0.02,MOQ-1397,
7,35N,106-109,House 1 Outside,RVQ,3/7/2023,,1,1,,,,16,,1,2,1,0,1,,0.01,not pxrfd,
7,34N,98-107,House 2 Outside,MB/GDD,3/7/2023,,1,1,,,,16,,1,2,1,0,1,1,0.31,MOQ-1383,x
7,34N,92-98,House 2 Outside,MB/GDD,3/7/2023,,1,1,,,,16,,1,0,2,0,3,,0.27,MOQ-1379,
7,34N,92-98,House 2 Outside,MB/GDD,3/7/2023,,1,1,,,,16,,2,0,0,0,0,,0.24,MOQ-1378,
7,34N,92-98,House 2 Outside,MB/GDD,3/7/2023,,1,1,,,,16,,1,0,1,0,3,,0.02,not pxrfd,
7,32,84-94,,ENHR,3/7/2023,,1,1,,,,16,,3,0,0,0,0,,0.14,MOQ-1368,
7,35N,106-109,,RVQ,3/7/2023,,1,1,,,,16,,3,0,0,0,0,,0.09,MOQ-1372,
7,26,143-153,House 2 Outside,LL/EN,6/7/2023,,1,1,,,,16,,1,1,3,0,1,,0.11,MOQ-1402,
7,33N,90-96,House 2 Outside,MB/GDD,3/7/2023,,1,2,,,,16,,1,2,2,0,1,,0.87,MOQ-1388,x
7,25,123-125,,LL,4/6/2023,,1,1,,,,16,,1,1,2,0,1,,0.22,MOQ-1423,
7,32,84-94,,ENHR,3/7/2023,,1,2,,,,16,,1,1,1,0,1,,0.05,not pxrfd,x
7,32,84-94,,ENHR,3/7/2023,,1,3,,,,16,,?,?,?,0,?,,3.72,MOQ-1370,x
7,25,125-139,House 3 Outside,LL/EN,7/7/2023,,1,1,,,,16,,1,2,2,0,1,,0.67,MOQ-1313,
7,26,153-166,House 2 Outside,LLEN,7/7/2023,,1,2,,,,16,4,,,1,0,,2,0.39,MOQ-1374,x
7,26,153-166,House 2 Outside,LLEN,7/7/2023,,1,2,,,,16,,2,0,0,0,0,,0.66,MOQ-1375,
7,24,173-,House 2,RP,6/7/2023,,1,1,,,,16,,1,1,2,0,1,,0.27,MOQ-1444,x
7,29,163-,House 2,RVQ,4/7/2023,,1,1,,,,16,,1,0,2,0,3,,0.27,MOQ-1436,
7,25,123-125,,LL,4/6/2023,,1,2,,,,16,,1,2,2,0,1,,0.48,MOQ-1431,
7,25,123-125,,LL,4/6/2023,,1,2,,,,16,4,,,1,0,,2,0.83,MOQ-1448,x
7,29,173-186,House 2,RP,6/7/2023,,1,1,,,,16,,3,0,0,0,0,,0.44,MOQ-1422,
7,24,238-247,House 1,RP,5/7/2023,,1,1,,,,16,,2,0,0,0,0,,0.66,MOQ-1433,
7,21E,207-232,House 2 Inside,SCC/GDD,5/7/2023,,1,1,,,,16,4,,2,,0,,2,0.53,MOQ-1439,x
7,27,146-163,,SC/GD,4/7/2023,,1,1,,,,16,,1,2,0,0,2,,0.2,MOQ-1447,
7,20,211-216,,ENHR,6/5/2023,,1,2,,,,16,2,,,1,0,,2,0.62,MOQ-1451,x
7,21E,207-232,,SCC/GDD,5/7/2023,,1,2,,,,16,,1,1,1,0,1,,0.22,MOQ-1499,
7,29,173-186,House 2,RP,6/7/2023,,1,1,,,,16,,2,0,0,0,0,,0.54,MOQ-1462,
7,29,173-186,House 2,RP,6/7/2023,,1,1,,,,16,,1,1,2,0,1,,0.27,MOQ-1463,
7,36N,105-108,House 1 Outside,RVQ,3/7/2023,,1,1,,,,16,,1,0,2,0,3,,0.28,MOQ-1450,
7,30,176-195,House 1,LL,6/7/2023,,1,2,,,,16,,1,1,2,0,1,,0.45,MOQ-1458,
7,22,242-243,House 2 Inside,LL/EN,10/7/2023,,1,2,,,,16,,3,0,0,0,0,,0.24,MOQ-1456,
7,35N,106-109,,RVQ,3/7/2023,,1,2,,,,16,,1,1,3,0,1,,0.89,MOQ-1398,
7,26,143-153,,LL/EN,7/7/2023,,1,2,,,,16,2,,2,2,0,,"1,2",0.71,MOQ-1403,x
7,25,125-156,House 3 Outside,LL/EN,7/7/2023,,1,2,,,,16,,1,1,2,0,1,1,0.93,MOQ-1380,
7,23,223-229,,AFA/MB,29/06/23,,1,1,,,,16,,1,0,1,0,3,,0.3,MOQ-1314,
7,29,159-163,House 1 Inside,LL,29/06/23,,1,1,,,,16,,2,0,0,0,0,,0.5,MOQ-1326,
7,18,303-314,,GDD,30/06/23,,1,2,22.51,11.32,4.58,16,4,,1,2?,0,,2,1.0,MOQ-1318,x
7,29,163-173,House 2,GHM,4/7/2023,,1,2,16.39,13.26,4.3,16,2,,0,1,0,3,,0.78,MOQ-1445,x
7,26,136-143,,ENHR,3/7/2023,,1,1,,,,16,,3,0,0,0,0,,0.18,MOQ-1479,
7,26,136-143,,ENHR,3/7/2023,,1,2,20.22,9.57,3.26,16,4,,,1,0,,2,0.69,MOQ-1528,x
7,22,220-222,,SCC/GDD,4/7/2023,,1,2,,,,16,,1,1,2,0,1,,0.74,MOQ-1459,
7,26,136-143,,ENHR,3/7/2023,,1,1,,,,16,,1,1,2,0,1,,0.07,MOQ-1526,
7,20,202-211,,LL,4/6/2023,,1,2,,,,16,,1,1,2,0,1,1,0.61,MOQ-1446,x
7,30,176-195,House 1,RP,6/7/2023,,1,1,,,,16,,1,0,2,0,3,1,0.21,MOQ-1449,
7,21E,207-232,House 2 Inside,SC/GD,5/7/2023,,1,1,,,,16,,1,0,2,0,3,1,0.42,MOQ-1442,
7,23,243-,House 1,RP/RVQ,7/7/2023,,1,1,,,,16,,2,0,0,0,0,,0.03,MOQ-1516,
7,23,243-,House 1,RP/RVQ,7/7/2023,,1,2,,,,16,,1,1,2,0,1,,0.95,MOQ-1515,
7,22,222-242,House 2 Inside,GDD/SCC,5/7/2023,,1,1,,,,16,,1,2,3,0,1,,0.24,MOQ-1529,
7,27,146-163,,SC/GD,4/7/2023,,1,1,,,,16,,1,1,3,0,1,,0.09,MOQ-1453,
7,27,146-163,,SC/GD,4/7/2023,,1,1,,,,16,,3,0,0,0,0,,0.14,MOQ-1454,
7,26,153-166,House 2 Outside,LL,7/7/2023,,1,2,,,,16,,1,2,2,0,1,,0.6,MOQ-1455,
7,32,84-94,,ENHR,3/7/2023,,1,1,,,,16,,3,0,0,0,0,,0.13,MOQ-1371,
7,22,217-,Floor Inside,MB,29/6/23,,1,1,,,,16,,2,0,0,0,0,,0.3,MOQ-1452,
7,22,217-,Floor Inside,MB,29/6/23,,1,1,,,,16,,3,0,0,0,0,,0.03,not-pxrfd,
7,30,176-195,House 1,RP,6/7/2023,,1,2,,,,16,,2,0,0,0,0,,1.63,MOQ-1466,
7,30,176-195,House 1,RP,6/7/2023,,1,1,,,,16,,1,2,1,0,1,3,0.91,MOQ-1467,x
7,30,176-195,House 1,RP,6/7/2023,,1,1,,,,16,,1,1,2,0,1,1,0.7,MOQ-1468,x
7,20,202-211,,LL,4/6/2023,,1,2,,,,16,4,,0,1,0,3,2,2.58,MOQ-1437,x
7,25,125-156,House 3 Outside,ENHR,7/7/2023,,1,2,22.9,15.35,4.9,16,4,,,1,0,,2,1.4,MOQ-1432,x
7,26,143-153,,LL/EN,6/7/2023,,1,2,,,,16,,1,2,2,0,1,,0.73,MOQ-1367,
7,23,243-,House 1,RP,7/7/2023,,1,1,,,,16,,1,0,3,0,3,,0.35,MOQ-1457,
7,28,151-152,House 1 Inside,MB/RP,28/6/23,,1,1,,,,16,,1,0,0,0,4,1,0.05,not-pxrfd,
7,34N,92-98,House 1 Outside,MB/GDD,3/7/2023,,1,1,,,,16,,1,2,3,0,1,,0.34,not-pxrfd,
7,22,217-220,House 2 Below Floor,GDD,29/6/23,,1,1,,,,16,,2,0,0,0,0,,0.1,MOQ-1330,
7,32,84-94,,ENHR,3/7/2023,,1,1,,,,16,,1,1,0,0,2,,0.14,MOQ-1394,
7,23,223-229,House 2 Below,GDD,30/6/23,,1,1,,,,16,,3,0,0,0,0,,0.1,MOQ-1334,
7,36,103-105,House 1 Outside,RVQ,27/6/23,,1,1,,,,16,,3,0,0,0,0,,0.6,MOQ-1280,
7,20,189-202,,ENHR,29/6/23,,1,1,,,,16,,2,0,0,0,0,,0.1,MOQ-1317,
7,34,76-82,House 2 Outside,MB/LL,21/6/23,,1,1,,,,16,,2,0,0,0,0,,0.2,MOQ-1316,
7,34,76-82,House 2 Outside,MB/LL,21/6/23,,1,1,,,,16,,1,2,0,0,2,,0.4,MOQ-1183,
7,23,223-229,House 2 Below,GDD,30/06/23,,1,2,,,,16,,1,0,1,0,3,,1.2,MOQ-1327,
7,22,217-220,House 2 Below Floor,MB,29/06/23,,1,2,,,,16,,2,0,0,0,0,,1.2,MOQ-1335,
7,22,217-220,House 2 Below Floor,MB,29/06/23,,1,1,,,,16,,1,0,3,0,3,,0.5,MOQ-1336,
7,22,217-220,House 2 Below Floor,MB,29/06/23,,1,2,,,,16,,1,3,3,0,1,1,1.2,MOQ-1277,x
7,24SE+30NE,297-313,House 5 Outside Below,MB,3/8/2023,,1,1,,,,16,,1,2,2,0,1,,1.0,MOQ-1184,
7,18,303-314,,GDD,30/06/23,,1,1,,,,16,,1,0,1,0,3,1,0.1,MOQ-1337,
7,18,303-314,,GDD,30/06/23,,1,2,,,,16,,2,0,0,0,0,0,0.4,MOQ-1338,
7,23,223-229,,GDD,30/06/23,,1,1,,,,16,,1,0,1,0,3,,0.2,MOQ-1329,
7,19,192-207,House 3,LL/EN,6/7/2023,,1,1,,,,16,2,,,1,0,,1,0.4,MOQ-1279,
7,18,303-314,,GDD,30/06/23,,1,2,,,,16,,1,2,2,0,1,1,0.7,MOQ-1312,x
7,21W,207-232,House 2 Outside,SC/GD,5/7/2023,,1,2,,,,16,,1,0,2,0,3,,0.54,MOQ-1507,
7,34N,98-107,House 2 Outside,MB/GDD,3/7/2023,,1,2,,,,16,,2,1,0,0,2,,0.75,MOQ-1438,
7,34N,98-107,House 2 Outside,MB/GDD,3/7/2023,,1,3,,,,16,,2,3,0,0,2,,4.22,MOQ-1530,x
7,23,223-229,,GDD,30/06/23,,1,1,,,,16,,1,2,2,0,1,,0.4,MOQ-1213,
7,28,151-152,House 1 Inside,MB/RP,28/06/23,,1,1,,,,16,,1,1,2,0,1,,0.08,MOQ-1214,
8,16,?-172,House 7,ENHR,18/08/23,,1,2,,,,16,4,,,1,0,,2,0.93,MOQ-2386,x
8,23,189-190,House 7 Outside,GHM,22/08/23,,1,2,,,,16,4,,,1,0,,2,1.33,MOQ-2359,x
8,13,270-290,,SCS,28/07/23,,1,2,,,,16,4,,,1,0,,,1.63,MOQ-2350,x
8,16,?-172,House 7,ENHR,18/08/23,,1,1,,,,16,,2,0,1,0,3,,0.44,MOQ-2345,
8,10,362-378,,RP,1/8/2023,,1,1,,,,16,,1,1,2,0,1,,0.18,MOQ-1849,
8,13,270-290,,SCS/JQ,28/07/23,,1,1,,,,16,,1,0,2,0,3,,0.13,MOQ-2292,
8,16,?-172,House 7,ENHR,18/08/23,,1,1,,,,16,,3,0,0,0,0,,1.57,MOQ-2377,
8,24SW,212-216,Temple 2,SC/JD,28/08/23,,1,2,,,,16,4,,,1,0,,2,0.91,MOQ-2398,x
8,18,167-181,,SCS,27/07/23,,1,1,,,,16,,1,2,2,0,1,,0.22,MOQ-2298,
8,13,237-240,Ceramic Event,RT/JQ,2/8/2023,,1,2,,,,16,,1,1,2,0,1,,0.81,MOQ-1918,
8,18,167-181,,SCS,27/07/23,,1,1,,,,16,,1,2,3,0,1,,0.2,MOQ-2278,
8,16,190-200,House 8 Outside,HQB,24/08/23,,1,1,,,,16,,1,0,1,0,3,2,0.41,MOQ-2388,
8,19,194-206,,SCS,4/8/2023,,1,2,,,,16,,3,0,0,0,0,,0.94,MOQ-1811,
8,21,116-135,House 7,ENHR,21/08/23,,1,1,,,,16,,2,0,0,1,0,,0.36,MOQ-2387,
8,24,168-203,House 6 Outside,GDD,21/08/23,,1,2,,,,16,,1,1,0,0,2,,1.83,MOQ-2394,
8,12,244-248,,SCS,31/07/23,,1,1,,,,16,,1,2,0,0,2,1,0.62,MOQ-1911,
8,23,118-134,,RP,4/8/2023,,1,1,,,,16,,1,2,2,0,1,,0.05,MOQ-1888,
8,24,125-135,,FM/AF,2/8/2023,,1,1,,,,16,,1,2,2,0,1,,0.37,MOQ-1867,
8,23,118-134,,RP,4/8/2023,,1,1,,,,16,,1,0,2,0,3,,0.2,MOQ-1836,
8,25,132-149,,GD/EN,2/8/2023,,1,1,,,,16,,1,2,1,0,1,,0.21,MOQ-1822,
8,24,125-135,,FM/AF,2/8/2023,,1,1,,,,16,,1,1,2,0,1,,0.1,MOQ-1673,
8,24,125-135,,FM,2/8/2023,,1,1,,,,16,,1,2,2,0,1,,0.27,MOQ-1812,
8,24,125-135,,FM/AF/JC,2/8/2023,,1,2,,,,16,,1,1,1,0,1,,1.0,MOQ-1898,
8,13,270-290,,SCS,28/07/23,,1,1,,,,16,,1,1,1,0,1,,0.27,MOQ-2307,x
8,13,237-240,Ceramic Event,RT/JQ,2/8/2023,,1,1,,,,16,,1,1,2,0,1,,0.14,MOQ-1897,
8,13,270-290,,SCS,28/07/23,,1,2,,,,16,,2,0,0,0,0,,1.05,MOQ-2303,
8,22,144-176,House 7,GDD,23/08/23,,1,1,,,,16,,3,0,0,0,0,,0.32,MOQ-2349,
8,13,270-290,,SCS,28/07/23,,1,2,,,,16,,2,0,0,0,0,,0.72,MOQ-2304,
8,18,181-192,,FM/AF,2/8/2023,,1,1,,,,16,,1,1,1,0,1,,0.45,MOQ-1896,
8,25,132-149,,GD/EN,2/8/2023,,1,2,,,,16,,1,2,3,0,1,,0.39,MOQ-1889,x
8,24,135-143,,JQ,4/8/2023,,1,1,,,,16,,3,0,0,0,0,,0.29,MOQ-1894,
8,24,125-135,,FM/SC,2/8/2023,,1,1,,,,16,,1,1,1,0,1,,0.2,MOQ-1899,
8,24,135-143,,JQ,4/8/2023,,1,1,,,,16,,1,0,0,0,4,,0.04,MOQ-1900,
8,25,132-149,,GD/EN,2/8/2023,,1,1,,,,16,,2,0,1,1,3,,0.64,MOQ-1913,
8,13,237-240,Ceramic Event,RT/JQ,2/8/2023,,1,1,,,,16,4,,,1,0,,2,0.69,MOQ-1902,
8,18,181-192,,FM/MB,2/8/2023,,1,1,,,,16,,1,0,1,0,3,,0.27,MOQ-1893,
8,19,194-206,,SCS,4/8/2023,,1,2,,,,16,,1,1,1,0,1,,0.17,MOQ-1809,
8,24,125-135,,FM/AF,2/8/2023,,1,1,,,,16,,1,1,2,0,1,,0.34,MOQ-1789,
8,23,118-134,,RP,4/8/2023,,1,1,,,,16,,3,0,0,0,0,,0.28,MOQ-1561,
8,23,118-134,,RP,4/8/2023,,1,1,,,,16,,1,1,2,0,1,,0.21,MOQ-1588,
8,24,125-135,,FM/SC,2/8/2023,,1,1,,,,16,,1,1,2,0,1,,0.18,MOQ-1849,
8,24,135-143,,JQ,4/8/2023,,1,1,,,,16,,3,0,0,0,0,,0.27,MOQ-1552,
8,23,118-134,,RP,4/8/2023,,1,1,,,,16,,1,1,2,0,1,,0.37,MOQ-1760,
8,23,118-134,,RP,4/8/2023,,1,1,,,,16,,2,0,0,0,0,,0.15,MOQ-1562,
8,23,118-134,,RP,4/8/2023,,1,1,,,,16,,2,1,0,0,2,,0.61,MOQ-1563,
8,24,125-135,,FQ,2/8/2023,,1,2,,,,16,,2,0,0,0,0,,1.51,MOQ-1866,x
8,13,270-290,,SCS,28/07/23,,1,2,,,,16,,1,1,1,0,1,,0.93,MOQ-2293,
8,24,195-210,Templo 2,SCS,25/08/23,,1,2,,,,16,,1,0,2,0,3,,1.04,MOQ-2391,
8,25,132-144,,GD/EN,2/8/2023,,1,2,,,,16,,2,0,0,0,0,,1.38,MOQ-1792,
8,13,237-240,Ceramic Event,RT/JQ,2/8/2023,,1,2,,,,16,,3,0,0,0,0,,2.94,MOQ-1877,x
8,13,237-240,Ceramic Event,RT/JQ,2/8/2023,,1,1,,,,16,,1,0,0,0,4,,0.83,MOQ-1878,
8,5,448-459,House 6,SCS,4/8/2023,,1,1,,,,16,,1,2,2,0,1,1,0.32,MOQ-1873,
8,23,118-134,,RP,4/8/2023,,1,1,,,,16,,2,0,0,0,0,,0.23,MOQ-1834,
8,23,118-134,,RP,4/8/2023,,1,1,,,,16,,2,0,1,0,3,,0.09,MOQ-1835,
8,17,144-203,House 7,GDD,23/08/23,,1,2,17.05,12.35,4.82,16,4,,,1,0,,2,0.92,MOQ-2399,x
8,24,125-135,,EQ,2/8/2023,,1,1,,,,16,,2,0,0,0,0,,0.54,MOQ-1685,
8,13,237-240,Ceramic Event,RT/JQ,2/8/2023,,1,2,,,,16,,1,2,1,0,1,2?,1.0,MOQ-1580,x
8,13,237-240,Ceramic Event,RT/JQ,2/8/2023,,1,1,,,,16,,1,0,2,0,3,,0.26,MOQ-1648,
8,24,125-135,,FM/SC/AF,2/8/2023,,1,2,,,,16,,1,1,1,0,1,,0.55,MOQ-1589,
8,18,181-192,,FM/MB,2/8/2023,,1,1,,,,16,,2,0,0,0,0,,0.41,MOQ-1599,
8,13,237-240,Ceramic Event,RT/JQ,2/8/2023,,1,1,,,,16,,2,0,0,0,0,,0.09,MOQ-1629,
8,23,190-200,House 7,GDD,24/08/23,,1,1,,,,16,,2,0,0,0,0,,0.12,MOQ-2378,
8,23,190-200,House 7,GDD,24/08/23,,1,1,,,,16,,1,2,2,0,1,,0.52,MOQ-2379,
8,23,118-134,,RP,4/8/2023,,1,1,,,,16,,1,0,1,0,3,,0.03,MOQ-1587,
8,13,270-272,,SCS,3/8/2023,,1,2,,,,16,,1,2,2,0,1,,1.42,MOQ-1642,
8,24,135-143,,JQ,4/8/2023,,1,1,,,,16,,3,0,0,0,0,1,0.15,MOQ-1590,
8,23,118-134,,RP,4/8/2023,,1,1,,,,16,,1,1,1,0,1,,0.09,MOQ-1602,
8,23,118-134,,RP,4/8/2023,,1,1,,,,16,,3,0,0,0,0,,0.02,not-pxrfd,
8,23,118-134,,RP,4/8/2023,,1,1,,,,16,,1,1,2,0,1,,0.6,MOQ-1621,
8,23,118-134,,RP,4/8/2023,,1,2,,,,16,,2,0,0,0,0,,1.0,MOQ-1820,
8,23,118-134,,RP,4/8/2023,,1,1,,,,16,,3,0,0,0,0,,0.42,MOQ-1577,
8,23,118-134,,RP,4/8/2023,,1,2,,,,16,,1,0,0,0,4,,0.73,MOQ-1578,
8,24,135-143,,JQ,4/8/2023,,1,1,,,,16,,2,0,0,0,0,,0.48,MOQ-1576,
8,10,362-378,,RP,7/8/2023,,1,1,,,,16,,1,2,1,0,1,,0.15,MOQ-1636,
8,12,244-248,,SCS,31/07/23,,1,1,,,,16,,1,2,0,0,2,,0.66,MOQ-1668,
8,5,448-459,House 6,SCS,4/8/2023,,1,1,,,,16,,2,0,0,0,0,,0.43,MOQ-1583,
8,5,448-459,House 6,SCS,4/8/2023,,1,1,,,,16,,3,0,0,0,0,,0.39,MOQ-1584,
8,18,181-192,,HQB,3/8/2023,,1,2,,,,16,,3,0,0,0,0,,1.11,MOQ-1666,x
8,25,162-177,,JQ,9/8/2023,,1,2,,,,16,,3,0,0,0,0,,1.4,MOQ-1258,
8,25,162-177,,JQ,9/8/2023,,1,1,,,,16,,1,0,0,0,4,,0.3,MOQ-1259,
8,25,162-177,,JQ,9/8/2023,,1,1,,,,16,,3,0,0,0,0,,0.6,MOQ-1260,
8,25,162-177,,JQ,9/8/2023,,1,2,,,,16,4,,,1,0,,2,0.9,MOQ-1261,
8,13,237-240,Ceramic Event,RT/JQ,2/8/2023,,1,1,,,,16,,1,1,3,0,1,,0.46,MOQ-1914,
8,5,448-459,House 6,SCS,4/8/2023,,1,2,18.98,13.96,5.57,16,,1,2,1,0,1,2,1.23,MOQ-1575,x
8,24,135-143,,JQ,4/8/2023,,1,1,,,,16,,1,2,1,1,1,,0.24,MOQ-1571,x
8,19,194-206,,SCS,4/8/2023,,1,1,,,,16,,3,0,0,0,0,,0.11,MOQ-1619,
8,19,194-206,,SCS,4/8/2023,,1,1,,,,16,,3,0,0,0,0,,0.07,MOQ-1620,
8,25,149-162,,AF/FM/GD,4/8/2023,,1,1,,,,16,,1,0,1,0,3,,0.14,MOQ-1601,
8,25,132-149,,GD/EN,2/8/2023,,1,2,,,,16,,2,0,0,2,0,,1.92,MOQ-1661,x
8,16,?-172,,ENHR,21/08/23,,1,2,,,,16,,3,0,0,1,0,,4.43,MOQ-2348,x
8,24,125-135,,FM,2/8/2023,,1,1,,,,16,,1,0,2,0,3,,0.11,MOQ-1591,
8,24,125-135,,FM,2/8/2023,,1,1,,,,16,,1,1,2,0,1,,0.08,MOQ-1592,
8,24,125-135,,FM,2/8/2023,,1,1>,,,,16,,3,0,0,0,0,,0.02,not-pxrfd,
8,13,270-272,,SCS,3/8/2023,,1,1,,,,16,,1,0,2,0,3,,0.1,MOQ-1915,
8,13,270-272,,SCS,3/8/2023,,1,1,,,,16,,2,0,3,0,3,,0.2,MOQ-1916,
8,23,118-134,,RP,4/8/2023,,1,1,,,,16,,3,0,0,0,0,,0.68,MOQ-1815,
8,23,118-134,,RP,4/8/2023,,1,1,,,,16,,3,0,0,0,0,,0.3,MOQ-1816,x
8,5,448-459,House 6,SCS,4/8/2023,,1,2,21.17,10.45,5.05,16,4,,,1,0,,,1.0,MOQ-1813,x
8,17,125,House 7,CCO,17/08/23,,1,1,,,,16,,3,0,0,0,0,,0.2,MOQ-1331,
8,12,244-248,,SCS,31/07/23,,1,1,,,,16,,3,0,0,0,0,,0.88,MOQ-2126,
8,12,244-248,,SCS,31/07/23,,1,1,,,,16,,2,0,0,0,4,,0.32,MOQ-1567,
8,18,181-192,,MB/FM,2/8/2023,,1,1,,,,16,,3,0,0,0,0,,0.38,MOQ-1550,
8,12,244-248,,SCS,31/07/23,,1,1,,,,16,,3,0,0,0,0,,0.32,MOQ-1553,
8,20,234-236,,RP,4/8/2023,,1,2,,,,16,,3,0,0,0,0,,0.9,MOQ-1289,
8,24,135-143,,JQ,4/8/2023,,1,1,,,,16,,1,1,0,0,2,,0.02,MOQ-1572,
8,24,135-143,,JQ,4/8/2023,,1,2,,,,16,,3,0,0,0,0,1,0.74,MOQ-1573,
8,12,244-248,,SCS,31/07/23,,1,1,,,,16,,1,1,0,0,2,,0.04,MOQ-1922,
8,12,244-248,,SCS,31/07/23,,1,1,,,,16,,2,0,0,0,0,,0.09,MOQ-1923,
8,12,244-248,,SCS,31/07/23,,1,1,,,,16,,2,0,0,0,0,,0.09,MOQ-1924,
8,12,244-248,,SCS,31/07/23,,1,1,,,,16,,3,0,0,0,0,,0.09,MOQ-1925,
8,12,244-248,,SCS,31/07/23,,2,1,,,,16,,2,0,0,0,0,,0.01,not-pxrfd,
8,19,227-231,Public Building,YKRA,25/08/23,,1,1,,,,16,,1,0,2,0,3,,0.08,MOQ-2351,
8,19,227-231,Public Building,YKRA,25/08/23,,1,1,,,,16,,1,0,1,0,3,1,0.24,MOQ-2352,
8,19,227-231,Public Building,YKRA,25/08/23,,1,1,,,,16,,1,0,2,0,3,,0.1,MOQ-2353,
8,19,227-231,Public Building,YKRA,25/08/23,,1,1,,,,16,,3,0,0,0,0,,0.82,MOQ-2354,
8,19,227-231,Public Building,YKRA,25/08/23,,1,1,,,,16,,3,0,0,0,0,,0.7,MOQ-2355,
8,19,227-231,Public Building,YKRA,25/08/23,,1,1,,,,16,,3,0,0,0,0,,0.15,MOQ-2356,
8,19,227-231,Public Building,YKRA,25/08/23,,1,1,,,,16,,3,0,0,0,0,,0.36,MOQ-2357,
8,19,227-231,Public Building,YKRA,25/08/23,,1,1,,,,16,,3,0,0,0,0,,0.71,MOQ-2358,
8,24,135-143,,JQ,4/8/2023,,1,1,,,,16,,1,0,2,0,3,,0.12,MOQ-1795,
8,24,135-143,,JQ,4/8/2023,,1,1,,,,16,,1,1,0,0,2,1,0.16,MOQ-1796,
8,24,135-143,,JQ,4/8/2023,,1,1,,,,16,,1,0,3,0,3,1,0.26,MOQ-1797,
8,24,135-143,,JQ,4/8/2023,,1,1,,,,16,,1,1,3,0,1,0,0.11,MOQ-1798,
8,24,135-143,,JQ,4/8/2023,,1,1,,,,16,,1,1,0,0,2,,0.58,MOQ-1799,
8,24,135-143,,JQ,4/8/2023,,1,1,,,,16,,1,1,0,0,2,,0.28,MOQ-1800,
8,24,135-143,,JQ,4/8/2023,,1,1,,,,16,,3,0,0,0,0,,0.3,MOQ-1801,
8,13,270-290,,SCS,28/07/23,,1,1,,,,16,,3,0,0,0,0,,0.04,MOQ-2152,
8,13,270-290,,SCS,28/07/23,,1,1,,,,16,,1,1,0,0,2,,0.16,MOQ-2153,
8,13,270-290,,SCS,28/07/23,,1,1,,,,16,,1,0,1,0,3,,0.1,MOQ-2154,
8,13,270-290,,SCS,28/07/23,,1,1,,,,16,,1,1,0,0,2,,0.04,MOQ-2155,
8,13,270-290,,SCS,28/07/23,,1,1,,,,16,,3,0,0,0,0,,0.09,MOQ-2156,
8,13,270-290,,SCS,28/07/23,,1,1,,,,16,,3,0,0,0,0,,0.21,MOQ-2157,
8,13,270-290,,SCS,28/07/23,,1,1,,,,16,,1,0,3,0,3,,0.24,MOQ-2158,
8,13,270-290,,SCS,28/07/23,,1,1,,,,16,,1,2,2,0,1,,0.17,MOQ-2159,
8,13,270-290,,SCS,28/07/23,,1,1,,,,16,,1,1,1,0,1,,0.41,MOQ-2160,
8,13,270-290,,SCS,28/07/23,,1,1,,,,16,,3,0,0,0,0,,0.18,MOQ-2161,
8,13,270-290,,SCS,28/07/23,,1,2,,,,16,,1,0,0,0,4,1,0.34,MOQ-2162,
8,13,270-290,,SCS,28/07/23,,1,2,,,,16,,1,2,1,0,1,,0.47,MOQ-2163,
8,13,270-290,,SCS,28/07/23,,1,2,,,,16,,1,2,0,0,2,,0.85,MOQ-2164,
8,25,162-177,House 6,JQ,9/8/2023,,1,1,,,,16,,1,1,0,0,2,,0.2,MOQ-1255,
8,25,162-177,House 6,JQ,9/8/2023,,1,1,,,,16,,3,0,0,0,0,,0.4,MOQ-1256,
8,17,127-144,House 7,CCO,17/08/23,,1,1,,,,16,,3,0,0,6,0,,0.5,MOQ-1315,x
8,20,227-,House 6,AF/MB,11/8/2023,,1,1,,,,16,,3,0,0,0,0,,0.51,MOQ-1249,
8,20,227-,House 6,AF/MB,11/8/2023,,1,1,,,,16,,1,0,2,0,3,,0.07,MOQ-1250,
8,25,132-149,,GDD/EN,2/8/2023,,1,1,,,,16,,3,0,0,0,0,,0.68,MOQ-1566,
8,15,310-312,House 6,JQ,8/8/2023,,1,1,,,,16,,3,0,0,0,0,,0.03,MOQ-1271,
8,20,227-236,,JQ,8/8/2023,,1,1,,,,16,,3,0,0,0,0,,0.4,MOQ-1273,
8,20,234-236,,SCS,7/8/2023,,1,1,,,,16,,1,1,1,0,1,,0.15,MOQ-1163,
8,24,160-173,House 6,SCS,11/8/2023,,1,1,,,,16,,1,0,0,0,4,,0.6,MOQ-1286,
8,10,362-378,,RP,1/8/2023,,1,2,,,,16,,1,1,3,0,1,,0.7,MOQ-1600,
8,5,448-459,House 6,SCS,4/8/2023,,1,2,,,,16,4,,,1,0,,2,1.5,MOQ-1574,x
8,23,128,,CCO,16/08/23,,1,2,,,,16,,1,1,0,0,2,,0.82,MOQ-1288,
8,17,127-144,House 7,CCO,17/08/23,,1,1,,,,16,,1,0,3,0,3,,0.07,MOQ-1339,
8,17,127-144,House 7,CCO,17/08/23,,1,1,,,,16,,1,1,3,0,1,,0.18,MOQ-1340,
8,17,127-144,House 7,CCO,17/08/23,,1,1,,,,16,,1,1,0,0,2,,0.43,MOQ-1341,
8,17,127-144,House 7,CCO,17/08/23,,1,1,,,,16,,2,0,0,0,0,,0.08,MOQ-1342,
8,17,127-144,House 7,CCO,17/08/23,,1,1,,,,16,,3,0,0,0,0,,0.13,MOQ-1343,
8,17,127-144,House 7,CCO,17/08/23,,1,1,,,,16,,3,0,0,0,0,,0.36,MOQ-1344,
8,17,127-144,House 7,CCO,17/08/23,,1,1,,,,16,,3,0,0,0,0,,0.3,MOQ-1345,
8,17,127-144,House 7,CCO,17/08/23,,1,2,,,,16,,1,0,1,0,3,,0.89,MOQ-1346,x
8,17,127-144,House 7,CCO,17/08/23,,1,1,,,,16,,1,1,1,0,1,,0.4,MOQ-1347,
8,17,127-144,House 7,CCO,17/08/23,,1,1,,,,16,,1,1,2,0,1,,0.15,MOQ-1348,
8,17,127-144,House 7,CCO,17/08/23,,1,1,,,,16,,1,0,2,0,3,,0.09,MOQ-1349,
8,17,127-144,House 7,CCO,17/08/23,,1,1,,,,16,,1,0,2,0,3,,0.14,MOQ-1350,
8,17,127-144,House 7,CCO,17/08/23,,1,2,,,,16,,3,0,0,0,0,,1.17,MOQ-1351,
8,17,127-144,House 7,CCO,17/08/23,,1,1,,,,16,,1,0,0,0,4,,0.16,MOQ-1352,
8,17,127-144,House 7,CCO,17/08/23,,1,1,,,,16,,1,2,2,0,1,,0.28,MOQ-1353,
8,17,127-144,House 7,CCO,17/08/23,,1,1,,,,16,,1,1,0,0,2,,0.23,MOQ-1354,
8,17,127-144,House 7,CCO,17/08/23,,1,1,,,,16,,1,0,1,0,3,,0.03,MOQ-1355,
8,23,?-169,,JQ,15/08/23,,1,1,,,,16,,1,0,2,0,3,,0.09,MOQ-1291,
8,23,?-169,,JQ,15/08/23,,1,1,,,,16,,1,0,0,0,4,,0.06,MOQ-1292,
8,23,?-169,,JQ,15/08/23,,1,1,,,,16,,1,3,0,0,2,,0.27,MOQ-1293,
8,23,?-169,,JQ,15/08/23,,1,1,,,,16,,1,1,0,0,2,,0.09,MOQ-1294,
8,23,?-169,,JQ,15/08/23,,1,1,,,,16,,3,0,0,0,0,,0.15,MOQ-1295,
8,23,?-169,,JQ,15/08/23,,1,1,,,,16,,1,0,2,0,3,,0.1,MOQ-1296,
8,23,?-169,,JQ,15/08/23,,1,1,,,,16,,1,1,0,0,2,,0.12,MOQ-1297,
8,23,?-169,,JQ,15/08/23,,1,1,,,,16,,1,0,2,0,3,,0.08,MOQ-1298,
8,23,?-169,,JQ,15/08/23,,1,1,,,,16,,1,1,2,0,1,,0.12,MOQ-1299,
8,23,?-169,,JQ,15/08/23,,1,1,,,,16,,3,0,0,0,0,,0.23,MOQ-1300,
8,23,?-169,,JQ,15/08/23,,1,1,,,,16,,3,0,0,0,0,,0.81,MOQ-1301,
8,23,?-169,,JQ,15/08/23,,1,1,,,,16,,3,0,0,0,0,,0.29,MOQ-1302,
8,23,?-169,,JQ,15/08/23,,1,1,,,,16,,1,0,2,0,3,,0.12,MOQ-1303,
8,23,?-169,,JQ,15/08/23,,1,2,,,,16,4,,,1,0,,2,1.06,MOQ-1304,x
8,23,?-169,,JQ,15/08/23,,1,1,,,,16,,3,0,0,0,0,,0.38,MOQ-1305,
8,23,?-169,,JQ,15/08/23,,1,1,,,,16,,3,0,0,0,0,,0.3,MOQ-1306,
8,23,?-169,,JQ,15/08/23,,1,1,,,,16,,2,0,1,0,3,,0.62,MOQ-1307,
8,23,?-169,,JQ,15/08/23,,1,1,,,,16,,1,1,1?,0,1,1,0.65,MOQ-1308,x
8,23,?-169,,JQ,15/08/23,,1,1,,,,16,,2,0,3,0,3,,0.5,MOQ-1309,
8,23,?-169,,JQ,15/08/23,,1,1,,,,16,,1,0,1,0,3,,0.19,MOQ-1310,
8,23,?-169,,JQ,15/08/23,,3,1,,,,16,,2,0,0,0,0,,0.03,not-pxrfd,
7,24,247-,House 1,RP/RVQ,7/7/2023,,1,1,,,,16,,2,0,1,0,3,,0.03,MOQ-1492,
7,24,247-,House 1,RP/RVQ,7/7/2023,,1,1,,,,16,,3,0,0,0,0,,0.09,MOQ-1493,
7,24,247-,House 1,RP/RVQ,7/7/2023,,6,1,,,,16,,3,0,0,0,0,,0.24,not-pxrfd,
7,24SE+30NE,247-313,House 5 Below Outside,MB,3/8/2023,,1,1,,,,16,,3,0,0,0,0,,0.25,MOQ-1216,
7,24SE+30NE,247-313,House 5 Below Outside,MB,3/8/2023,,1,1,,,,16,,1,1,1,0,1,,0.12,MOQ-1217,
7,24SE+30NE,247-313,House 5 Below Outside,MB,3/8/2023,,1,1,,,,16,,3,0,0,0,0,,0.43,MOQ-1218,
7,24SE+30NE,247-313,House 5 Below Outside,MB,3/8/2023,,1,1,,,,16,,1,2,2,0,1,,0.51,MOQ-1219,
7,24SE+30NE,247-313,House 5 Below Outside,MB,3/8/2023,,1,1,,,,16,,1,0,0,0,4,,0.45,MOQ-1220,
7,24SE+30NE,247-313,House 5 Below Outside,MB,3/8/2023,,1,2,,,,16,,1,2,2,0,1,,0.8,MOQ-1221,
7,18,303-314,,GDD,30/06/23,,1,2,,,,16,,1,3,1,0,1,1,1.0,MOQ-2070,x
7,33,70-80,House 2 Outside,MB/LL,21/07/23,,1,1,,,,16,,3,0,0,0,0,,0.26,MOQ-2036,
7,25,116-123,House 3 Above,GDD,29/06/23,,1,1,,,,16,,1,1,0,0,2,,0.79,MOQ-2071,
7,25,116-123,House 3 Above,GDD,29/06/23,,1,1,,,,16,,1,0,0,0,4,,0.02,not-pxrfd,
7,23,219-223,House 2 Above,RVQ,23/06/23,,1,1,,,,16,,1,1,1,0,1,,0.39,MOQ-2048,
7,24,233-238,House 1 Above,AFA,29/06/23,,1,2,,,,16,,3,0,0,0,0,,0.93,MOQ-2025,
7,19,176-186,House 3,GDD,29/06/23,,1,1,,,,16,,1,0,1,0,3,,0.03,MOQ-2029,
7,30,165-171,House 1 Inside,RV/SC,28/06/23,,1,1,,,,16,,1,2,0,0,2,,0.79,MOQ-2028,
7,23,219-223,House 2 Above,RVQ,23/06/23,,1,1,,,,16,,1,0,2,0,3,,0.15,MOQ-2033,
7,23,219-223,House 2 Above,RVQ,23/06/23,,1,2,,,,16,,1,1,2,0,1,,0.63,MOQ-2034,
7,21,203-207,House 2 Floor,RP/L,29/06/23,,1,1,,,,16,,1,0,3,0,3,,0.28,MOQ-2030,
7,21,203-207,House 2 Floor,RP/L,29/06/23,,1,1,,,,16,,1,0,1,0,3,,0.21,MOQ-2031,
7,31,49-72,,GDD,28/06/23,,1,1,,,,16,,2,0,0,0,0,,0.42,MOQ-2060,
7,25,116-123,,GDD,29/06/23,,1,1,,,,16,,1,0,2,0,3,,0.17,MOQ-2068,
7,34,76-82,House 2 Outside,MB/LL,21/06/23,,1,2,,,,16,,3,0,0,0,0,,0.93,MOQ-2059,
7,23,223-229,Below House 2,GDD,30/06/23,,1,2,,,,16,,3,0,0,0,0,,2.0,MOQ-2016,
7,35N,87-106,,AF/RV/SC,28/06/23,,1,2,,,,16,,1,2,1,0,1,,0.64,MOQ-1993,
7,34,76-82,House 1 Outside,MB/LL,21/06/23,,1,1,,,,16,,2,0,0,0,0,,0.22,MOQ-2007,
7,24SW,253-261,House 4 Below Floor,MB/LL/RQ,24/07/23,,1,1,,,,16,,3,0,0,0,0,,0.17,MOQ-2055,
7,24SW,253-261,House 4 Below Floor,MB/LL/RQ,24/07/23,,1,2,,,,16,,2,0,0,0,4,,0.47,MOQ-2054,
7,24,233-238,House 1 Above,AFA,29/06/23,,1,1,,,,16,,3,0,0,0,0,,0.51,MOQ-2035,
7,26,125-136,House 3 Outside,GDD,28/06/23,,1,1,,,,16,,3,0,0,0,0,,0.2,MOQ-2022,
7,29,159-163,House 1 Inside,LL,29/06/23,,1,2,,,,16,,2,0,0,0,0,,1.61,MOQ-2050,
7,20,189-202,,GDD,29/06/23,,1,2,,,,16,,2,0,0,0,0,,0.87,MOQ-2011,
7,21,203-207,House 2 Floor,RP/LL,29/06/23,,1,1,,,,16,,1,0,1,0,3,,0.07,MOQ-1982,
7,21,203-207,House 2 Floor,RP/LL,29/06/23,,1,1,,,,16,,2,0,1,0,3,,0.25,MOQ-1983,
7,21,203-207,House 2 Floor,RP/LL,29/06/23,,1,1,,,,16,,3,0,0,0,0,,0.37,MOQ-1984,
7,21,203-207,House 2 Floor,RP/LL,29/06/23,,1,1,,,,16,,1,1,2,0,1,,0.6,MOQ-1985,
7,34,76-82,House 2 Outside,MB/LL,21/06/23,,1,1,,,,16,,1,2,0,1,2,,0.45,MOQ-1992,
7,21,203-207,House 2 Floor,RP/LL,24/06/23,,1,1,,,,16,,1,2,1,0,1,,0.2,MOQ-1964,
7,29,159-163,House 2,AFA,29/06/23,,1,2,,,,16,,1,1,2,0,1,1,0.64,MOQ-2043,
7,29,159-163,House 2,AFA,29/06/23,,1,1,,,,16,4,,,1,0,,2,0.54,MOQ-2044,x
7,29,159-163,House 2,AFA,29/06/23,,1,1,,,,16,,1,1,1,0,1,,0.45,MOQ-2045,
7,29,159-163,House 2,AFA,29/06/23,,1,1,,,,16,4,,,1,0,,2,0.57,MOQ-2046,x
7,29,159-163,House 2,AFA,29/06/23,,1,2,16.3,12.73,3.93,16,4,,,1,0,,2,0.79,MOQ-2047,x
7,36N,103-105,House 2 Outside,RVQ,27/06/23,,1,1,,,,16,,3,0,0,0,0,,0.07,MOQ-2041,
7,36N,103-105,House 2 Outside,RVQ,27/06/23,,1,1,,,,16,,1,0,0,0,4,,0.51,MOQ-2042,
7,27,145-146,House 1 Inside,MB/LL/RP,29/06/23,,1,1,,,,16,,1,1,2,0,1,,0.13,MOQ-1969,
7,27,145-146,House 1 Inside,MB/LL/RP,29/06/23,,1,1,,,,16,,3,0,0,0,0,,0.09,MOQ-1970,
7,27,145-146,House 1 Inside,MB/LL/RP,29/06/23,,1,1,,,,16,,2,0,1,0,3,,0.35,MOQ-1971,
7,27,145-146,House 1 Inside,MB/LL/RP,29/06/23,,1,1,,,,16,,2,0,0,0,0,,0.03,not-pxrfd,
7,34,76-82,House 1 Outside,MB/LL,21/06/23,,1,2,,,,16,,1,1,2,0,1,1,1.0,MOQ-1952,
7,30,165-171,House 1 Inside,RV/SC,28/06/23,,1,1,,,,16,,2,0,0,0,0,,0.03,MOQ-1843,x
7,28,151-152,House 1 Inside,MB/R,28/06/23,,1,2,,,,16,,1,0,1,0,3,,0.4,MOQ-1844,
7,35S,81-94,House 1 Outside,AF/RV/SC,28/06/23,,1,1,,,,16,,3,0,0,0,0,,0.02,MOQ-1940,
7,35S,81-94,House 1 Outside,AF/RV/SC,28/06/23,,1,1,,,,16,,3,0,0,0,0,,0.05,MOQ-1941,
7,35S,81-94,House 1 Outside,AF/RV/SC,28/06/23,,1,1,,,,16,,1,0,1,0,3,,0.04,MOQ-1942,
7,35S,81-94,House 1 Outside,AF/RV/SC,28/06/23,,1,1,,,,16,,3,0,0,0,0,,0.09,MOQ-1943,
7,35S,81-94,House 1 Outside,AF/RV/SC,28/06/23,,1,1,,,,16,,1,0,1,0,3,,0.08,MOQ-1944,
7,35S,81-94,House 1 Outside,AF/RV/SC,28/06/23,,1,1,,,,16,,3,0,0,0,0,,0.54,MOQ-1945,
7,35S,81-94,House 1 Outside,AF/RV/SC,28/06/23,,1,2,,,,16,,2,0,0,0,0,,0.67,MOQ-1946,
7,24SW,253-261,House 4 Below Floor,MB/LL/RV,24/07/23,,1,1,,,,16,,1,2,2,0,1,1,0.64,MOQ-1951,
7,30NE,268-275,House 5 Outside,MB/LL,28/07/23,,1,1,,,,16,,1,0,0,0,4,,0.06,MOQ-1903,
7,34,76-82,House 1 Outside,MB/LL,21/06/23,,1,1,,,,16,,3,0,0,0,0,,0.75,MOQ-1930,
7,29,159-163,House 1 Inside,AFA,29/06/23,,1,1,,,,16,,3,0,0,0,0,,0.47,MOQ-1784,
7,29,159-163,House 1 Inside,AFA,29/06/23,,1,1,,,,16,,2,0,0,0,0,,0.28,MOQ-1785,
7,34N,82-92,House 1 Outside,MB/RP/LL,27/07/23,,1,1,,,,16,,3,0,0,0,0,,0.03,MOQ-1919,x
7,34N,82-92,House 1 Outside,MB/RP/LL,27/07/23,,1,1,,,,16,,3,0,0,0,0,,0.24,MOQ-1920,x
7,36N,103-105,House 1 Outside,RVQ,27/06/23,,1,1,,,,16,,1,0,3,0,3,,0.05,MOQ-1959,
7,34,76-82,House 1 Outside,MB/LL,21/06/23,,1,1,,,,16,,2,0,0,0,0,2,0.46,MOQ-1948,
7,26,125-136,House 3 Outside,GDD,28/06/23,,1,1,,,,16,,1,0,1,0,3,,0.24,MOQ-2061,
7,26,125-136,House 3 Outside,GDD,28/06/23,,1,1,,,,16,,1,0,2,0,3,,0.06,MOQ-2062,
7,24,233-238,House 1 Above,AFA,29/06/23,,1,1,,,,16,,1,1,0,0,2,1,0.18,MOQ-1936,
7,24,233-238,House 1 Above,AFA,29/06/23,,1,1,,,,16,,1,0,2,0,3,1,0.15,MOQ-1937,
7,24,233-238,House 1 Above,AFA,29/06/23,,1,1,,,,16,,1,0,2,0,3,,0.11,MOQ-1938,
7,35N,87-106,House 1 Outside,AF/RV/SC,28/06/23,,1,2,,,,16,,1,1,1,0,1,1,0.8,MOQ-1976,x
7,35N,87-106,House 1 Outside,AF/RV/SC,28/06/23,,1,2,,,,16,,1,0,0,0,4,,0.5,MOQ-1977,
7,17S,283-292,,GD/EN,1/8/2023,,1,2,,,,16,,1,1,1,0,1,1,0.7,MOQ-1787,
7,26,125-136,House 3 Outside,GDD,28/06/23,,1,1,,,,16,,2,0,0,0,0,,0.09,MOQ-1926,
7,26,125-136,House 3 Outside,GDD,28/06/23,,1,1,,,,16,,1,1,1,0,1,,0.26,MOQ-1927,x
7,26,125-136,House 3 Outside,GDD,28/06/23,,1,2,,,,16,,1,1,2,0,1,,0.68,MOQ-1928,
7,35S,81-94,House 1 Outside,AF/RV/SC,28/06/23,,1,2,,,,16,,1,1,2,0,1,,1.0,MOQ-1947,
7,34,76-82,House 1 Outside,MB/LL,21/06/23,,1,1,,,,16,,1,0,2,0,3,,0.02,MOQ-1864,
7,29,159-163,House 1 Inside,AFA,29/06/23,,1,1,,,,16,,1,0,0,0,4,2,0.43,MOQ-1939,
7,22,217-220,House 1 Floor,GDD,29/06/23,,1,1,,,,16,,1,1,2,0,1,,0.23,MOQ-1776,
7,22,217-220,House 1 Floor,GDD,29/06/23,,1,1,,,,16,,3,0,0,0,0,,0.01,not-pxrfd,
7,26,136-143,,ENHR,3/7/2023,,1,1,,,,16,,2,1,0,0,2,,0.57,MOQ-1901,
7,27,145-146,House 1 Inside,MB/RP/LL,28/06/23,,1,2,,,,16,,1,0,0,0,4,,0.39,MOQ-1890,
7,18,303-314,,GDD,30/06/23,,1,1,,,,16,,1,1,2,0,1,,0.22,MOQ-1852,
7,26,115-125,House 3 Above,GDD,22/06/23,,1,2,20.51,14.47,5.73,16,4,,,1,0,,,1.63,MOQ-2000,x
7,29,159-163,House 1 Inside,AFA,29/06/23,,1,1,,,,16,,1,1,2,0,1,,0.11,MOQ-1742,
7,29,159-163,House 1 Inside,AFA,29/06/23,,1,1,,,,16,,2,0,0,0,0,,0.08,MOQ-1743,
7,29,159-163,House 1 Inside,AFA,29/06/23,,1,1,,,,16,,1,0,3,0,3,,0.12,MOQ-1744,
7,29,159-163,House 1 Inside,AFA,29/06/23,,1,1,,,,16,,3,0,0,0,0,,0.08,MOQ-1745,
7,36S,103-80?,House 1 Inside,RVQ,28/06/23,,1,1,,,,16,,2,0,1,0,3,,0.09,MOQ-1814,
7,26,115-125,House 3 Above,GDD,22/06/23,,1,2,,,,16,,2,0,1,0,0,2,0.77,MOQ-1991,x
7,29,183-,House 1,RVQ,13/06/23,,1,1,,,,16,,1,0,3,0,3,,0.14,MOQ-1935,
7,29,183-,House 1,RVQ,13/06/23,,1,1,,,,16,,1,1,2,0,1,,0.12,MOQ-1934,
7,29,183-,House 1,RVQ,13/06/23,,1,2,,,,16,,1,1,2,0,1,,0.52,MOQ-1933,
7,20,189-202,,GDD,29/06/23,,1,2,,,,16,,3,0,0,0,0,,0.84,MOQ-1833,
7,26,125-136,House 3 Outside,GDD,28/06/23,,1,1,,,,16,,1,1,3,0,1,1,0.73,MOQ-1826,
7,34S,56-71,House 1 Outside,MB/RP/LL,27/06/23,,1,1,,,,16,,3,0,0,0,0,,0.3,MOQ-1979,
7,17S,283-292,,GDD/EN,1/8/2023,,1,2,,,,16,,2,1,0,0,0,,2.45,MOQ-1754,
7,17S,283-292,,GDD/EN,1/8/2023,,1,1,,,,16,,2,0,0,0,0,,0.31,MOQ-1755,
7,17S,283-292,,GDD/EN,1/8/2023,,1,1,,,,16,,3,0,0,0,0,,0.05,MOQ-1756,
7,17S,283-292,,GDD/EN,1/8/2023,,1,1,,,,16,,2,0,0,0,0,,0.06,MOQ-1757,
7,17S,283-292,,GDD/EN,1/8/2023,,1,2,20.04,15.6,5.55,16,4,,1,2,0,,,1.29,MOQ-1758,x
7,17S,283-292,,GDD/EN,1/8/2023,,1,1,,,,16,,2,1,0,0,2,,0.41,MOQ-1759,
7,31,49-72,,ENHR,28/06/23,,1,1,,,,16,,2,1,0,0,0,,0.29,MOQ-1778,
7,31,49-72,,ENHR,28/06/23,,1,1,,,,16,,3,0,0,0,0,,0.04,MOQ-1779,
7,35S,81-94,House 1 Outside,AF/RV/SC,28/06/23,,1,2,,,,16,,1,0,0,0,4,,0.57,MOQ-1858,
7,23,219-223,,R/R,26/06/23,,1,1,,,,16,,1,0,2,0,3,,0.02,MOQ-1847,
7,17S,283-292,,GDD/EN,31/07/23,,1,1,,,,16,,1,0,3,0,3,,0.2,MOQ-1868,
7,34,76-82,House 1 Outside,MB/LL,21/06/23,,1,1,,,,16,,1,0,0,0,4,,0.43,MOQ-1753,
7,31,49-72,,GDD,28/06/23,,1,1,,,,16,,3,0,0,0,0,,0.58,MOQ-1722,
7,26,125-136,House 3 Outside,GDD,28/06/23,,1,1,,,,16,,1,1,0,0,2,,0.32,MOQ-1773,
7,36,103-105,House 1 Outside,RVQ,27/06/23,,1,1,,,,16,,3,0,0,0,0,,0.43,MOQ-1774,
7,19,176-186,House 3,GDD,29/06/23,,1,1,,,,16,,3,0,0,0,0,1,0.24,MOQ-1727,
7,25,116-123,,GDD,29/06/23,,1,2,,,,16,,1,0,2,0,3,2,0.34,MOQ-1763,x
7,17S,283-292,,GD/EN,31/07/23,,1,2,,,,16,,2,1,0,0,2,,0.94,MOQ-1748,
7,25,116-123,House 3 Above,GDD,29/06/23,,1,1,,,,16,,1,4,1,0,1,,0.09,MOQ-1819,
7,34S,56-71,House 1 Outside,MB/LL,27/06/23,,1,1,,,,16,,2,0,3,0,3,,0.69,MOQ-1777,
7,35N,87-106,,AF/RV/SC,28/06/23,,1,1,,,,16,,1,0,3,0,3,,0.26,MOQ-1723,
7,34,76-82,House 1 Outside,MB/LL,21/06/23,,1,1,,,,16,,1,1,2,0,1,,0.2,MOQ-1719,
7,34,76-82,House 1 Outside,MB/LL,21/06/23,,1,1,,,,16,,1,0,2,0,3,,0.3,MOQ-1720,
7,34,76-82,House 1 Outside,MB/LL,21/06/23,,1,2,,,,16,,1,1,3,0,1,1,1.0,MOQ-1721,
7,34,76-82,House 1 Outside,MB/LL,21/06/23,,1,1,,,,16,,2,0,0,0,0,,0.23,MOQ-1746,
7,35S,81-94,,AF/RV/SC,28/06/23,,1,1,,,,16,,2,0,0,0,0,,0.77,MOQ-1855,
7,17S,283-292,,GD/EN,31/07/23,,1,1,,,,16,,3,0,0,0,0,,0.07,MOQ-1740,
7,18,303-314,,GDD,30/06/23,,1,1,,,,16,,3,0,0,0,0,,1.08,MOQ-1732,x
7,17S,292-301,,GD/MB/EN,1/8/2023,,1,2,,,,16,,1,1,2,0,1,,0.59,MOQ-1752,
7,17S,292-301,,GD/MB/EN,1/8/2023,,1,1,,,,16,,3,0,0,0,0,,0.02,not-pxrfd,
7,30,171-176,,RVQ,3/7/2023,,1,1,,,,16,,1,1,2,0,1,1,0.13,MOQ-1694,
7,30,171-176,,RVQ,3/7/2023,,1,2,,,,16,,1,2,0,0,2,,0.7,MOQ-1692,
7,30,171-176,,RVQ,3/7/2023,,1,1,,,,16,,2,0,0,0,0,,0.28,MOQ-1693,
7,19,186-192,House 3,ENHR,4/7/2023,,1,1,,,,16,,2,1,0,0,2,,0.47,MOQ-1718,
7,25,123-125,,LL,4/6/2023,,1,1,,,,16,,1,1,2,0,1,,0.3,MOQ-1717,
7,21E,207-232,House 1 Inside,SCC/GDD,5/7/2023,,1,1,,,,16,,3,0,0,0,0,,0.06,MOQ-1716,
7,25,123-125,,LL,4/6/2023,,1,1,,,,16,,2,0,0,0,0,,0.81,MOQ-1703,
7,25,123-125,,LL,4/6/2023,,1,1,,,,16,,1,0,0,0,4,,0.6,MOQ-1704,
7,24,238-247,House 1,RP,5/7/2023,,1,1,,,,16,,2,0,3,0,3,,0.28,MOQ-1712,
7,26,136-143,,ENHR,3/7/2023,,1,1,,,,16,,1,0,1,0,3,,0.77,MOQ-1709,
7,24,238-247,House 1,RP,5/7/2023,,1,1,15.58,10.84,5.33,16,4,,,1,0,,2,0.83,MOQ-1713,x
7,22,222-242,House 1 Inside,SC/GD,5/7/2023,,1,1,,,,16,,2,0,0,0,0,,0.15,MOQ-1706,
7,27,146-163,,SC/GD,4/7/2023,,1,1,,,,16,,1,1,2,0,1,,0.01,not-pxrfd,
7,27,146-163,,SC/GD,4/7/2023,,1,2,,,,16,4,,,1,0,,2,1.29,MOQ-1714,x
7,27,146-163,Wall Outside,SC/GD,4/7/2023,,1,1,,,,16,,2,0,0,0,0,,0.02,MOQ-1715,
7,20,202-211,,ENHR,4/7/2023,,1,1,,,,16,,1,1,1,0,1,1,0.27,MOQ-1705,x
7,30,171-176,,RVQ,4/7/2023,,1,1,,,,16,,2,1,0,0,2,,0.79,MOQ-1669,
7,21E,207-232,House 2 Inside,SCC/GDD,5/7/2023,,1,1,,,,16,,1,1,3,0,1,,0.6,MOQ-1688,
7,21E,207-232,House 2 Inside,SCC/GDD,5/7/2023,,1,1,,,,16,,2,0,0,0,0,,0.91,MOQ-1710,
7,21W,207-232,House 2 Outside,SCC/GDD,5/7/2023,,1,1,,,,16,,1,0,3,0,3,,0.05,MOQ-1696,
7,21W,207-232,House 2 Outside,SCC/GDD,5/7/2023,,1,1,,,,16,,1,0,2,0,3,,0.07,MOQ-1697,
7,22,222-242,House 2 Inside,SCC/GDD,5/7/2023,,1,1,,,,16,,1,2,2,0,1,,0.2,MOQ-1711,
7,30,171-176,,RVQ,4/7/2023,,1,1,,,,16,,3,0,0,0,0,,0.86,MOQ-1677,
7,19,186-192,House 3,ENHR,4/7/2023,,1,1,,,,16,,2,0,0,0,0,,0.27,MOQ-1695,
7,21E,207-232,House 2 Inside,SCC/GDD,5/7/2023,,1,2,,,,16,,1,0,0,0,4,,0.63,MOQ-1684,
7,21E,207-232,House 2 Inside,SCC/GDD,5/7/2023,,1,2,,,,16,,1,3,1,0,1,,1.25,MOQ-1670,
7,21W,207-232,House 2 Inside,SCC/GDD,5/7/2023,,1,2,,,,16,,3,0,0,0,0,,1.13,MOQ-1689,
7,29,163-173,House 2,RVQ,4/7/2023,,1,1,,,,16,,1,2,2,0,1,,0.55,MOQ-1707,
7,29,163-173,House 2,RVQ,4/7/2023,,1,1,16.21,9.57,3.81,16,2,,,1,0,,2,0.44,MOQ-1708,x
7,24,238-247,House 1 Above,GHM,4/7/2023,,1,1,,,,16,,3,0,0,0,0,,0.59,MOQ-1671,
7,22,222-242,House 2 Inside,SCC/GDD,5/7/2023,,1,2,,,,16,,3,0,0,0,0,,0.85,MOQ-1690,
7,22,222-242,House 2 Inside,SCC/GDD,5/7/2023,,1,2,,,,16,,1,0,1,0,3,,0.78,MOQ-1691,
7,30NW,241-,House 4 Below Floor,MB/RV/LL,24/07/23,,1,1,,,,16,,1,0,1,1,3,,0.21,MOQ-849,x
7,32,55-59,,GDD,14/06/23,,1,2,21.22,17.38,5.3,16,1a,,,1,0,,2,1.95,MOQ-416,x
7,23W,246-284,House 5 Outside,GDD,31/07/23,,1,1,,,,16,,2,0,0,0,0,,0.01,not-pxrfd,
7,23W,246-284,House 5 Outside,GDD,31/07/23,,1,1,,,,16,,2,0,0,0,0,,0.4,MOQ-668,
7,23W,246-284,House 5 Outside,GDD,31/07/23,,1,1,,,,16,,3,0,0,0,0,,0.4,MOQ-669,
7,23W,246-284,House 5 Outside,GDD,31/07/23,,1,2,,,,16,,2,0,0,0,0,,3.62,MOQ-667,x
7,33,70-80,House 2 Outside,GHM,22/06/23,,1,1,,,,16,,3,0,0,1,0,,2.1,MOQ-557,
7,30NE,238-254,House 4 Outside,MB/LL,24/07/23,,1,1,,,,16,,1,0,0,0,4,,0.01,not-pxrfd,
7,30NE,238-254,House 4 Outside,MB/LL,24/07/23,,1,1,,,,16,,2,0,0,0,0,,0.43,MOQ-599,
7,30NE,238-254,House 4 Outside,MB/LL,24/07/23,,1,1,,,,16,,3,0,0,2,0,,0.32,MOQ-600,
7,30NE,238-254,House 4 Outside,MB/LL,24/07/23,,1,1,,,,16,,2,0,0,0,0,1,0.12,MOQ-601,
7,30NE,238-254,House 4 Outside,MB/LL,24/07/23,,1,1,,,,16,,3,0,0,0,0,,0.06,MOQ-602,
7,30NE,238-254,House 4 Outside,MB/LL,24/07/23,,1,1,,,,16,,1,0,0,0,4,,0.06,MOQ-603,
7,24SE,239-255,House 4 Outside,MB/HQB,21/07/23,,1,1,,,,16,,2,0,0,0,0,,0.57,MOQ-387,
7,26,115-125,House 3 Above,GDD,22/06/23,,1,2,,,,16,,2,1,0,0,0,,1.59,MOQ-546,
7,24SE,271-280,House 5 Outside,MB/LL,28/07/23,,1,1,,,,16,,2,1,0,0,0,,0.43,MOQ-701,
7,23SE+29SE,288-313,House 5 Inside Below Floor 3,MB,4/8/2023,,1,1,,,,16,,1,1,2,0,1,1,0.9,MOQ-703,x
7,23SE+29SE,288-313,House 5 Inside Below Floor 3,MB,4/8/2023,,1,1,,,,16,,3,0,0,0,0,,0.22,MOQ-704,
7,23SE+29SE,288-313,House 5 Inside Below Floor 3,MB,4/8/2023,,1,1,,,,16,,2,0,0,0,0,,0.13,MOQ-705,
7,30NE,275-292,House 5 Outside Floor 2,MB,31/07/23,,1,1,,,,16,,3,0,0,0,0,,0.33,MOQ-689,
7,30NE,275-292,House 5 Outside Floor 2,MB,31/07/23,,1,1,,,,16,,2,0,0,0,0,,0.02,not-pxrfd,
7,34N,82-92,House 2 Outside,MB/RP/LL,23/06/23,,1,2,,,,16,,3,0,0,0,0,,0.88,MOQ-694,
7,24SE,239-255,House 4 Outside,HQ/RV/MB,21/07/23,,1,1,,,,16,,2,0,0,0,0,,0.06,MOQ-453,
7,24,255-261,House 1,MB/RR/AF,12/7/2023,,1,1,,,,16,,1,0,1,0,3,,0.33,MOQ-556,
7,24SE,239-255,House 4 Outside,MB/RV,21/07/23,,1,1,,,,16,,3,0,0,0,0,,1.19,MOQ-383,
7,23,243-,House 1,RP/RVQ,7/7/2023,,1,1,,,,16,,1,2,3,0,1,,0.45,MOQ-583,
7,24SE,280-297,House 5 Outside Floor 2,MB,31/07/23,,1,1,,,,16,2,,,1,0,,2,0.9,MOQ-678,
7,24SE,280-297,House 5 Outside Floor 2,MB,31/07/23,,1,2,15.0,11.0,2.8,16,4,,,1,0,,2,0.57,MOQ-679,x
7,33,70-80,House 2 Outside,MB/G,22/06/23,,1,1,,,,16,,1,0,0,0,4,,0.13,MOQ-564,
7,33,70-80,House 2 Outside,MB/G,22/06/23,,1,1,,,,16,,3,0,0,0,0,,0.66,MOQ-565,
7,33,70-80,House 2 Outside,MB/G,22/06/23,,1,2,,,,16,,3,0,0,0,0,,0.84,MOQ-566,
7,33,70-80,House 2 Outside,MB/G,22/06/23,,1,1,,,,16,,2,0,0,0,0,,0.37,MOQ-567,
7,33,70-80,House 2 Outside,MB/G,22/06/23,,1,1,,,,16,,1,0,2,0,3,,0.24,MOQ-568,
7,33,70-80,House 2 Outside,MB/G,22/06/23,,1,1,,,,16,,2,0,0,0,0,,0.15,MOQ-569,
7,33,70-80,House 2 Outside,MB/G,22/06/23,,1,1,,,,16,,1,1,2,0,1,,0.11,not-pxrfd,
7,24SE,239-255,House 4 Outside,MB/RVQ,21/07/23,,1,1,,,,16,,3,0,0,0,0,,0.71,MOQ-475,
7,23E,245-253,House 1 Floor,RV/HQ,21/07/23,,1,1,,,,16,,2,0,0,0,0,2,0.55,MOQ-446,
7,23W,246-284,House 5 Outside,GDD,31/07/23,,1,1,,,,16,,3,0,0,0,0,,0.79,MOQ-695,
7,24,255-261,House 1,MB/RR/AF,12/7/2023,,1,1,17.0,12.0,2.7,16,4,,,1,0,,2,0.77,MOQ-481,x
7,24,255-261,House 1,MB/RR/AF,12/7/2023,,1,1,,,,16,,1,2,3,0,1,,0.34,MOQ-482,
7,24,255-261,House 1,MB/RR/AF,12/7/2023,,1,1,,,,16,,1,2,0,0,2,,1.08,MOQ-483,
7,24,255-261,House 1,MB/RR/AF,12/7/2023,,1,1,,,,16,,2,0,0,0,0,,0.25,MOQ-484,
7,24SE,239-255,House 4 Outside,MB/HQB/R,21/07/23,,1,1,,,,16,,3,0,0,0,0,,0.51,MOQ-400,
7,34N,82-92,House 2 Outside,MB/RP/LL,27/06/23,,1,1,,,,16,,1,0,2,0,3,,0.56,MOQ-683,
7,22,207-217,House 2 Floor,MB/F/LL,23/06/23,,1,2,,,,16,,3,0,0,0,0,,1.19,MOQ-571,
7,24SW+30SW,280-294,House 5 Floor 2,MB,31/07/23,,1,2,,,,16,,3,0,0,0,0,,2.19,MOQ-696,
7,24SW+30SW,280-294,House 5 Floor 2,MB,31/07/23,,1,1,,,,16,,1,0,2,0,3,,0.85,MOQ-697,
7,24SW+30SW,280-294,House 5 Floor 2,MB,31/07/23,,1,1,,,,16,,3,0,0,0,0,,0.61,MOQ-698,
7,24SW+30SW,280-294,House 5 Floor 2,MB,31/07/23,,1,1,,,,16,,1,1,1,0,1,,0.46,MOQ-699,
7,24SW+30SW,280-294,House 5 Floor 2,MB,31/07/23,,1,1,,,,16,,2,0,0,0,0,1,0.05,MOQ-700,
7,24SE,271-280,House 5 Outside Below Floor,MB/LL,28/06/23,,1,2,,,,16,4,,2,2,0,,2,1.44,MOQ-677,x
7,34N,82-92,House 2 Outside,MB/RV/LL,27/06/23,,1,2,,,,16,,1,2,2,0,1,1,1.57,MOQ-693,
7,30,214-219,House 1,AFA,12/7/2023,,1,1,,,,16,,3,0,0,0,0,,0.66,MOQ-543,
7,24SE,239-255,House 4 Outside,RV/MB,21/07/23,,1,1,,,,16,,2,0,0,0,0,,0.03,MOQ-619,
7,23SE+29SE,277-288,House 5 Below Floor 2,MB,31/07/23,,1,1,,,,16,,3,0,0,0,0,,0.35,MOQ-676,
7,24SE,271-280,House 5 Outside,MB/LL,28/07/23,,1,1,,,,16,,1,1,0,0,2,1,0.23,MOQ-692,
7,30NW,239-241,House 4 Ash,HQB,20/07/23,,1,1,,,,16,,3,0,0,0,0,,1.0,MOQ-459,
7,24SE,271-280,House 5 Outside,MB/LL,28/07/23,,1,2,,,,16,,1,2,2,0,1,1,0.86,MOQ-666,
7,24,255-261,House 1,MB/RR/AF,12/7/2023,,1,1,,,,16,,1,0,0,0,4,,0.11,MOQ-528,
7,23,243-,House 1,RP/RVQ,7/7/2023,,1,2,,,,16,4,,,1,0,,2,1.11,MOQ-553,
7,33,70-80,House 2 Outside,GHM,22/06/23,,1,2,,,,16,,2,0,0,0,0,,1.04,MOQ-539,
7,33,70-80,House 2 Outside,GHM,22/06/23,,1,2,,,,16,,2,0,2,0,0,,0.81,MOQ-584,
7,24SW + 30NW,280-310,House 5 Inside Below Floor,MB,3/8/2023,,1,2,18.0,13.0,2.7,16,4,,,1,0,,2,0.9,MOQ-670,x
7,24SW + 30NW,280-310,House 5 Inside Below Floor,MB,3/8/2023,,1,1,,,,16,,3,0,0,0,0,,0.44,MOQ-671,
7,24SW + 30NW,280-310,House 5 Inside Below Floor,MB,3/8/2023,,1,1,,,,16,,1,1,3,0,1,,0.21,MOQ-672,
7,24SW + 30NW,280-310,House 5 Inside Below Floor,MB,3/8/2023,,1,1,,,,16,,2,0,0,0,0,,0.26,MOQ-673,
7,24SW + 30NW,280-310,House 5 Inside Below Floor,MB,3/8/2023,,1,1,,,,16,,1,0,0,0,4,,0.25,MOQ-674,
7,24SW + 30NW,280-310,House 5 Inside Below Floor,MB,3/8/2023,,1,1,,,,16,,1,1,1,0,1,,0.13,MOQ-675,
7,23W,246-284,House 5 Outside,GDD,31/07/23,,1,2,,,,16,,2,0,0,0,0,1,0.83,MOQ-684,
7,23W,246-284,House 5 Outside,GDD,31/07/23,,1,1,,,,16,,3,0,0,0,0,,0.71,MOQ-685,
7,23W,246-284,House 5 Outside,GDD,31/07/23,,1,1,,,,16,,1,0,1,0,3,,0.2,MOQ-686,
7,23W,246-284,House 5 Outside,GDD,31/07/23,,1,1,,,,16,,2,0,0,0,0,,0.24,MOQ-687,
7,34N,82-92,House 2 Outside,MB/RP/LL,27/06/23,,1,1,,,,16,,3,0,0,0,0,1,0.77,MOQ-690,
7,34N,82-92,House 2 Outside,MB/RP/LL,27/06/23,,1,1,,,,16,,3,0,0,0,0,,0.38,MOQ-691,
7,23E,245-253,House 1 Floor,HQB,21/07/23,,1,1,,,,16,,1,1,1,0,1,,0.37,MOQ-452,
7,24SE,271-280,House 5 Outside,MB/LL,28/07/23,,1,1,,,,16,,3,0,0,0,0,,0.43,MOQ-688,
7,23W,246-284,House 5 Outside,GDD,31/07/23,,1,1,,,,16,,1,0,1,0,3,,0.21,MOQ-680,
7,23W,246-284,House 5 Outside,GDD,31/07/23,,1,1,,,,16,,1,0,1,0,3,,0.07,MOQ-681,
8,18,195-199,House 6 Outside,CCO,18/08/23,,1,2,17.25,14.43,4.07,16,3,,1,2,0,,2,1.0,MOQ-1325,x
8,17,127-144,House 7,CCO,17/08/23,,1,1,,,,16,,2,0,0,0,0,,0.15,MOQ-1274,
8B,6,117-120,Public Building Wall Fall,HQB,29/08/23,,1,1,,,,16,,3,0,0,0,0,,0.18,not-pxrfd,
8B,6,117-120,Public Building Wall Fall,HQB,29/08/23,,1,1,,,,16,,2,1,0,0,0,,0.14,not-pxrfd,
8B,6,117-120,Public Building Wall Fall,HQB,29/08/23,,1,1,,,,16,,1,2,3,0,1,,0.09,not-pxrfd,
8B,6,117-120,Public Building Wall Fall,HQB,29/08/23,,1,1,,,,16,,1,0,1,0,3,,0.09,not-pxrfd,
8B,6,117-120,Public Building Wall Fall,HQB,29/08/23,,1,1,,,,16,,3,0,0,0,0,,0.23,not-pxrfd,
8B,6,117-120,Public Building Wall Fall,HQB,29/08/23,,1,1,,,,16,,1,0,0,0,4,1,0.26,not-pxrfd,
8B,6,117-120,Public Building Wall Fall,HQB,29/08/23,,1,1,,,,16,,1,0,2,0,3,,0.14,not-pxrfd,
8B,6,117-120,Public Building Wall Fall,HQB,29/08/23,,1,1,,,,16,,2,0,0,0,0,,0.44,not-pxrfd,
8B,6,117-120,Public Building Wall Fall,HQB,29/08/23,,1,2,,,,16,,3,0,0,0,0,,1.0,not-pxrfd,
8B,6,117-120,Public Building Wall Fall,HQB,29/08/23,,1,2,,,,16,,3,0,0,0,0,,0.92,not-pxrfd,
5,2,197-212,Wall Fall,HQB,22/09/22,,1,1,,,,16,,3,0,0,0,0,,0.26,MOQ-069,
5,2,197-212,Wall Fall,HQB,22/09/22,,1,1,,,,16,,2,0,0,0,0,,0.19,MOQ-070,
5,2,197-212,Wall Fall,HQB,22/09/22,,1,1,,,,16,,3,0,0,0,0,,0.32,MOQ-071,
5,2,177-206,Room 2A,HQB,20/09/22,,1,1,,,,16,,3,0,0,0,0,,0.16,MOQ-072,
5,2,177-206,Room 2A,HQB,20/09/22,,1,1,,,,16,,1,2,0,0,2,,0.19,MOQ-073,
5,2,177-206,Room 2A,HQB,20/09/22,,1,1,,,,16,,3,0,0,0,0,,0.37,MOQ-074,
5,2,177-206,Room 2A,HQB,20/09/22,,1,1,,,,16,,1,1,2,0,1,,0.32,MOQ-075,
5,2,177-206,Room 2A,HQB,20/09/22,,1,1,,,,16,,2,0,0,0,0,2,0.45,MOQ-076,
5,2,177-206,Room 2A,HQB,20/09/22,,1,1,,,,16,,1,0,0,0,4,,0.21,MOQ-077,
5,2,177-206,Room 2A,HQB,20/09/22,,1,1,,,,16,,3,0,0,0,0,,0.15,MOQ-078,
5,2,177-206,Room 2A,HQB,20/09/22,,1,1,,,,16,,3,0,0,0,0,,0.15,MOQ-079,
5,2,177-206,Room 2A,HQB,20/09/22,,1,1,,,,16,,2,0,0,0,0,,0.56,MOQ-080,
5,2,177-206,Room 2A,HQB,20/09/22,,1,1,,,,16,,2,0,0,0,0,,0.19,MOQ-081,
5,2,177-206,Room 2A,HQB,20/09/22,,1,1,,,,16,,1,0,1,0,3,,0.01,not-pxrfd,
5,2,177-206,Room 2A,HQB,20/09/22,,1,1,,,,16,,1,0,0,0,4,,0.02,not-pxrfd,
5,3,143-161,House 3N Inside,HQB,14/09/22,,1,1,,,,16,,3,0,0,0,0,,0.21,MOQ-003,
5,1,167-168,House 1S Inside,HQB,19/09/22,,1,1,,,,16,,3,0,0,0,0,,0.28,MOQ-115,x
5,1,167-168,House 1S Inside,HQB,19/09/22,,1,1,,,,16,,2,0,0,0,0,,0.43,MOQ-116,
5,1,167-168,House 1S Inside,HQB,19/09/22,,1,1,,,,16,,1,1,1,0,1,2,0.58,MOQ-117,x
5,1,168-169,House 1S Inside,HQB,13/09/22,,1,1,,,,16,,2,0,0,0,0,,0.27,MOQ-005,
5,3,143-161,House 3N Inside,HQB,14/09/22,,1,2,,,,16,,3,0,0,0,0,,0.92,MOQ-125,
5,1,210-218,House 1S Inside,HQB,20/09/22,,1,2,,,,16,,1,1,2,0,1,1,0.91,MOQ-018,
7,30,171-176,,RVQ,3/7/2023,,1,1,,,,16,,1,0,3,0,3,,0.07,MOQ-1683,
7,34N,98-107,House 2 Outside,MB/GDD,3/7/2023,,1,1,,,,16,,2,0,0,0,0,,0.45,MOQ-1361,
7,34N,98-107,House 2 Outside,MB/GDD,3/7/2023,,1,1,,,,16,,3,0,0,0,0,,0.11,MOQ-1362,
7,19,192-207,House 3 Below,ENHR,6/7/2023,,1,2,,,,16,,3,0,0,0,0,,1.73,MOQ-973,
7,19,192-207,House 3 Below,ENHR,6/7/2023,,1,1,,,,16,,3,0,0,0,0,,0.38,MOQ-974,
7,19,192-207,House 3 Below,ENHR,6/7/2023,,1,1,,,,16,,1,0,2,0,3,,0.09,MOQ-975,
7,30,171-176,,RVQ,4/7/2023,,1,2,,,,16,,3,0,0,0,0,,1.1,MOQ-1660,
7,27,131-145,House 2 Outside Wall Fall,MB/LL,23/06/23,,1,2,,,,16,,1,1,1,0,1,1,1.2,MOQ-850,
7,25,123-125,,LL,4/6/2023,,1,1,,,,16,,2,0,1,0,3,,0.04,MOQ-1615,
7,29,163-173,House 2,RVQ,4/7/2023,,1,1,,,,16,,3,0,0,0,0,,0.77,MOQ-1678,
7,29,163-173,House 2,RVQ,4/7/2023,,1,1,,,,16,,1,2,1,0,1,,0.34,MOQ-1679,
7,27,146-163,,SC/GD,4/7/2023,,1,1,,,,16,,1,0,0,0,4,,0.44,MOQ-1658,
7,19,186-192,House 3,ENHR,5/7/2023,,1,1,,,,16,,1,1,1,0,1,,0.22,MOQ-1610,
7,19,186-192,House 3,ENHR,5/7/2023,,1,1,,,,16,,1,0,3,0,3,,0.36,MOQ-1611,
7,24N,261-263,House 1 Outside,SC/RP,18/07/23,,1,1,,,,16,,1,1,2,0,1,,0.08,MOQ-915,
7,27,146-163,,SC/GD,4/7/2023,,1,1,,,,16,,1,0,3,0,3,,0.28,MOQ-1656,
7,23E,244-246,House 2 Outside,SC/RP,18/07/23,,1,1,,,,16,,1,1,0,0,2,,0.03,MOQ-1075,
7,27,146-153,Wall Outside???,SCC/GDD,4/7/2023,,1,1,,,,16,,3,0,0,0,0,,0.09,MOQ-1607,
7,27,146-153,Wall Outside???,SCC/GDD,4/7/2023,,1,1,,,,16,,2,0,0,0,0,,0.02,not-pxrfd,
7,26,136-143,,ENHR,3/7/2023,,1,2,,,,16,,3,0,0,0,0,1,1.39,MOQ-1657,
7,23E,244-246,House 2 Outside,SC/RP,18/07/23,,1,1,,,,16,,2,0,0,0,0,,0.03,MOQ-980,
7,26,136-143,,ENHR,3/7/2023,,1,1,,,,16,,3,0,0,0,0,,0.49,MOQ-1624,x
7,35N,106-109,,RVQ,3/7/2023,,1,1,,,,16,,1,1,0,0,2,,0.13,MOQ-1357,
7,27,146-163,,SC/GD,4/7/2023,,1,1,,,,16,,1,1,2,0,1,,0.11,MOQ-1672,x
7,20,202-211,,LL,4/6/2023,,1,1,,,,16,,1,0,1,0,3,,0.13,MOQ-1682,
7,30NE,210-228,House 1 Inside,SC/RP,19/07/23,,1,1,,,,16,,1,1,1,0,1,,0.85,MOQ-932,
7,30NE,210-228,House 1 Inside,SC/RP,19/07/23,,1,1,,,,16,,2,0,0,0,0,,0.55,MOQ-933,
7,30NE,210-228,House 1 Inside,SC/RP,19/07/23,,1,1,,,,16,,1,1,2,0,1,,0.13,MOQ-934,
7,30NE,210-228,House 1 Inside,SC/RP,19/07/23,,1,1,,,,16,,3,0,0,0,0,,0.11,MOQ-935,
7,30NE,210-228,House 1 Inside,SC/RP,19/07/23,,1,1,,,,16,,3,0,0,0,0,,0.13,MOQ-936,
7,34N,98-107,House 2 Outside,MB/GDD,3/7/2023,,1,1,,,,16,,1,1,3,0,1,,0.14,not-pxrfd,
7,34N,98-107,House 2 Outside,MB/GDD,3/7/2023,,1,1,,,,16,,1,0,1,0,3,,0.08,not-pxrfd,
7,30,214-219,House 1,AF/MB,12/7/2023,,1,1,,,,16,,3,0,0,0,0,,0.31,MOQ-877,
7,30,214-219,House 1,AF/MB,12/7/2023,,1,1,,,,16,,2,0,0,0,0,,0.41,MOQ-878,
7,20,202-211,,ENHR,4/7/2023,,1,1,,,,16,,1,0,1,0,3,,0.05,MOQ-1680,
7,20,202-211,,ENHR,4/7/2023,,1,3,,,,16,,2,0,0,0,0,2,4.88,MOQ-1681,X
7,28,152-165,152-165,SCC/GDD/MB,4/7/2023,,1,1,,,,16,,3,0,0,0,0,,0.13,MOQ-1609,
7,27,146-163,,SC/GD,4/7/2023,,1,1,,,,16,,2,0,0,0,0,,0.1,MOQ-1616,
7,22,222-242,House 2,SC/GD,4/7/2023,,1,1,,,,16,,2,0,0,0,0,,0.33,MOQ-1701,
7,22,222-242,House 2,SC/GD,4/7/2023,,1,1,,,,16,,3,0,0,0,0,,0.13,MOQ-1702,
7,25,125-139,House 3 Outside,LL/EN,7/7/2023,,1,2,,,,16,3,,,1,0,,2,0.63,MOQ-1365,
7,23E,244-246,House 2 Outside,SC/RP,18/07/23,,1,1,,,,16,,3,0,0,0,0,,0.28,MOQ-931,
7,22,222-242,House 2 Inside,GDD/SCC,5/7/2023,,1,2,,,,16,,1,3,1,0,1,,1.57,MOQ-1654,
7,22,222-242,House 2 Inside,GDD/SCC,5/7/2023,,1,2,,,,16,,3,0,0,0,0,,1.55,MOQ-1655,
7,30NW,210-239,House 1 Inside,SC/RP,19/07/23,,1,2,,,,16,,3,0,0,0,0,,1.09,MOQ-952,
7,22,222-242,House 2 Inside,GDD/SCC,5/7/2023,,1,1,,,,16,,1,1,2,0,1,,0.07,MOQ-1613,
7,22,222-242,House 2 Inside,GDD/SCC,5/7/2023,,1,1,,,,16,,3,0,0,0,0,,0.45,MOQ-1614,
7,19,186-192,House 3,ENHR,5/7/2023,,1,1,,,,16,,1,0,0,0,4,,0.08,MOQ-1608,
7,23W,229-241,House 1,RP,25/07/23,,1,1,,,,16,,1,1,3,0,1,,0.21,MOQ-1662,
7,23W,229-241,House 1,RP,25/07/23,,1,1,,,,16,,1,1,2,0,1,,0.33,MOQ-1663,
7,23W,229-241,House 1,RP,25/07/23,,1,1,16.26,9.82,5.73,16,4,0,0,1,0,0,2,0.75,MOQ-1664,
7,30NE,210-228,House 1 Inside,SC/RP,19/07/23,,1,1,,,,16,,1,2,2,0,1,,0.16,MOQ-1031,x
7,22,222-242,House 2 Inside,GDD/SCC,5/7/2023,,1,1,,,,16,,2,0,0,0,0,,0.83,MOQ-1618,
7,29N,214-237,House 1 Inside,HQB,19/07/23,,1,1,,,,16,,1,0,2,0,3,1,0.22,MOQ-1049,
7,20,202-211,,ENHR,4/7/2023,,1,2,,,,16,,1,0,0,0,4,1,0.74,MOQ-1639,x
7,23W,242-244,Passage,SC/RP,19/07/23,,1,1,,,,16,,1,0,3,0,3,,0.1,MOQ-930,
7,24N,261-263,House 1 Outside,SC/RP,18/07/23,,1,2,,,,16,,2,0,0,0,0,,0.71,MOQ-1064,
7,30NW,255-270,House 5,MB/RV,26/07/23,,1,1,,,,16,,3,0,0,0,0,,0.18,MOQ-808,
7,34,76-82,House 1 Outside,MB/LL,21/06/23,,1,1,,,,16,4,,,1,0,,2,0.45,MOQ-817,x
7,24N,261-263,House 1 Outside,SC/RP,18/07/23,,1,1,,,,16,,1,1,0,0,2,,0.11,MOQ-897,
7,29,163-173,House 2,RVQ,4/7/2023,,1,2,,,,16,4,,,1,0,,2,1.05,MOQ-1612,
7,25,123-125,House 3 Outside,LL,4/6/2023,,1,2,,,,16,,1,1,2,0,1,,0.89,MOQ-1676,
7,23W,242-244,Passage,SC/RP,19/07/23,,1,2,,,,16,,1,0,1,0,3,1,0.44,MOQ-899,
7,19,192-207,House 3 Below,MB/LL/E,6/7/2023,,1,1,,,,16,,1,1,0,0,2,,0.6,MOQ-940,
7,24,233-238,House 1 Above,AFA,29/06/23,,1,1,,,,16,,1,1,0,0,2,1,0.43,MOQ-874,
7,24,233-238,House 1 Above,AFA,29/06/23,,1,1,,,,16,,1,0,2,0,3,,0.01,not-pxrfd,
7,19,192-207,House 3,LL/ENHR,6/7/2023,,1,1,,,,16,,1,0,0,0,4,,0.16,MOQ-1046,
7,19,192-207,House 3,LL/ENHR,6/7/2023,,1,1,,,,16,,1,1,0,0,2,1,0.05,MOQ-1047,
7,30NW,210-239,House 1 Inside,SC/RP,19/07/23,,1,2,,,,16,,3,0,0,0,0,,3.11,MOQ-937,
7,20,211-216,,ENHR,6/7/2023,,1,1,,,,16,,1,0,2,0,3,,0.1,MOQ-1649 ,
7,20,211-216,,ENHR,6/7/2023,,1,1,,,,16,,3,0,0,0,0,,0.08,MOQ-1650,
7,20,211-216,,ENHR,6/7/2023,,1,1,,,,16,,3,0,0,0,0,,0.22,MOQ-1651,
7,20,211-216,,ENHR,6/7/2023,,1,1,,,,16,,2,0,0,0,0,,0.13,MOQ-1652,
7,20,211-216,,ENHR,6/7/2023,,1,2,,,,16,,1,0,1,0,3,1,1.11,MOQ-1653,x
7,20,202-211,,ENHR,4/7/2023,,1,3,,,,16,,2,1,2,1,1,1,5.13,MOQ-1632,x
5,1,200-210,House 1S Inside,HQB,19/09/23,,1,1,,,,16,,1,0,2,0,1,,0.24,MOQ-189,
5,1,200-210,House 1S Inside,HQB,19/09/23,,1,1,,,,16,,1,1,2,0,1,,0.13,MOQ-190,
5,1,200-210,House 1S Inside,HQB,19/09/23,,1,1,,,,16,,1,1,2,0,1,,0.07,MOQ-191,
5,1,200-210,House 1S Inside,HQB,19/09/23,,1,1,,,,16,,1,0,1,0,3,,0.2,MOQ-192,
5,1,200-210,House 1S Inside,HQB,19/09/23,,1,1,,,,16,,1,1,3,0,1,1,0.09,MOQ-193,
5,1,200-210,House 1S Inside,HQB,19/09/23,,1,1,,,,16,,1,0,1,0,3,,0.12,MOQ-194,
5,1,200-210,House 1S Inside,HQB,19/09/23,,1,1,,,,16,,1,3,2,0,1,,0.11,MOQ-195,
5,2,186-197,Wall Fall,HQB,22/09/23,,1,2,,,,16,,1,1,2,0,1,,0.77,MOQ-127,x
5,3,143-161,House 3N Inside,HQB,14/09/23,,1,2,,,,16,,1,1,2,0,1,1,0.62,MOQ-119,
5,2,212-222,Wall Fall,HQB,22/09/22,,1,1,,,,16,,1,1,1,0,1,,0.07,MOQ-011,
5,2,212-222,Wall Fall,HQB,22/09/22,,1,1,,,,16,,3,0,0,0,0,,0.2,MOQ-012,
5,2,212-222,Wall Fall,HQB,22/09/22,,1,1,,,,16,,3,0,0,0,0,,0.79,MOQ-013,
5,3,143-161,House 3N Inside,HQB,16/09/22,,1,1,,,,16,,1,1,1,0,1,,0.08,MOQ-137,x
